label,file,hf_ratio,noise_std,is_fake,color_mean_r,color_mean_g,color_mean_b,color_var_r,color_var_g,color_var_b,jpeg_block_score
dalle3,E:\437 project\dataset\train\fake\fake_39004_DALLE3.jpg,0.56383663,14.87266,1,172.06879,177.18513,177.99988,3157.1792,2755.0476,2372.613,-0.049173832
dalle3,E:\437 project\dataset\train\fake\fake_17668_DALLE3.jpg,0.46575937,17.351145,1,121.563614,116.19682,112.98872,4305.413,3670.8787,3489.815,-0.049466133
dalle3,E:\437 project\dataset\train\fake\fake_12148_DALLE3.jpg,0.6173552,22.219484,1,137.01923,130.46536,121.16432,6052.6626,6401.1265,5823.3594,1.5447779
dalle3,E:\437 project\dataset\train\fake\fake_01582_DALLE3.jpg,0.6443494,11.810465,1,132.65141,116.469315,101.66229,3039.7302,3498.63,3443.5298,-0.011118412
dalle3,E:\437 project\dataset\train\fake\fake_26104_DALLE3.jpg,0.5703949,15.245313,1,88.59598,68.2126,45.719513,5003.7983,2256.2256,768.57166,-0.1664567
dalle3,E:\437 project\dataset\train\fake\fake_20548_DALLE3.jpg,0.47454932,16.693058,1,123.681274,108.60149,94.31467,5168.7065,5053.4194,4786.0034,-0.09966087
dalle3,E:\437 project\dataset\train\fake\fake_40492_DALLE3.jpg,0.63223475,12.174803,1,123.77721,135.99454,141.18668,2855.2769,2914.7332,2541.9985,0.42093682
dalle3,E:\437 project\dataset\train\fake\fake_37294_DALLE3.jpg,0.4702853,16.077452,1,134.60379,110.87187,80.96005,5428.6216,5317.701,4067.147,0.20231962
dalle3,E:\437 project\dataset\train\fake\fake_38176_DALLE3.jpg,0.46148103,13.214902,1,82.69002,81.237015,80.59903,4721.498,4450.4917,4083.5183,0.204041
dalle3,E:\437 project\dataset\train\fake\fake_33538_DALLE3.jpg,0.34207067,11.35919,1,99.26103,89.589096,70.95308,3542.4846,3247.7378,3511.843,-0.055594444
dalle3,E:\437 project\dataset\train\fake\fake_00796_DALLE3.jpg,0.7358228,19.988705,1,141.19632,125.542175,106.02852,4807.7603,4223.931,2992.5728,0.22200155
dalle3,E:\437 project\dataset\train\fake\fake_38440_DALLE3.jpg,0.5641341,19.56314,1,86.10837,95.51317,94.539444,4344.2437,4583.798,3983.0195,0.59657
dalle3,E:\437 project\dataset\train\fake\fake_25678_DALLE3.jpg,0.4700019,11.462917,1,167.95183,121.54559,61.17064,4801.69,4289.9497,2993.5112,0.093465805
dalle3,E:\437 project\dataset\train\fake\fake_14392_DALLE3.jpg,0.6115047,16.124428,1,201.08676,185.85936,174.50275,2502.8604,2965.5251,3405.726,-0.3187871
dalle3,E:\437 project\dataset\train\fake\fake_34276_DALLE3.jpg,0.5836446,20.831514,1,128.30086,112.44046,97.11026,5454.43,5094.5576,3576.4404,0.056087017
dalle3,E:\437 project\dataset\train\fake\fake_19528_DALLE3.jpg,0.6957692,16.85376,1,147.56982,126.07411,104.525314,3776.5537,4145.6396,3320.906,0.028514385
dalle3,E:\437 project\dataset\train\fake\fake_36160_DALLE3.jpg,0.5898969,18.745152,1,137.56017,170.29285,156.21379,4003.066,3056.5774,3653.9421,0.032499313
dalle3,E:\437 project\dataset\train\fake\fake_13588_DALLE3.jpg,0.45616317,16.105425,1,112.52385,71.29573,49.634277,5549.277,4021.8376,2694.7112,-0.15625763
dalle3,E:\437 project\dataset\train\fake\fake_11650_DALLE3.jpg,0.7200501,14.303482,1,137.13501,107.05516,96.29758,4055.6428,4284.3613,4096.1763,0.13918543
dalle3,E:\437 project\dataset\train\fake\fake_04582_DALLE3.jpg,0.42173433,9.410903,1,162.08336,151.65907,144.78174,2366.669,2966.0593,3291.4058,0.20073032
dalle3,E:\437 project\dataset\train\fake\fake_19060_DALLE3.jpg,0.44902807,15.780486,1,151.09805,125.102585,109.01677,4861.9297,5188.877,5008.7295,-0.08642244
dalle3,E:\437 project\dataset\train\fake\fake_18274_DALLE3.jpg,0.5543752,14.566631,1,178.47923,159.46436,136.93372,3680.269,2492.4143,1900.1097,-0.15221882
dalle3,E:\437 project\dataset\train\fake\fake_18388_DALLE3.jpg,0.5995974,16.948542,1,119.221344,100.10335,74.89847,4554.2065,4194.2056,3016.1584,0.377398
dalle3,E:\437 project\dataset\train\fake\fake_00610_DALLE3.jpg,0.63421774,13.503083,1,95.13292,103.29237,56.336212,3216.1746,3446.3547,2214.5776,0.17258453
dalle3,E:\437 project\dataset\train\fake\fake_37426_DALLE3.jpg,0.47773632,11.833812,1,166.67601,118.99835,100.980316,4734.4634,4657.7646,4071.611,0.023150682
dalle3,E:\437 project\dataset\train\fake\fake_08230_DALLE3.jpg,0.71616876,17.925785,1,150.7317,131.71225,130.56754,3617.0483,3462.116,2095.9873,-0.28786945
dalle3,E:\437 project\dataset\train\fake\fake_03754_DALLE3.jpg,0.6157525,15.695085,1,127.443375,123.293045,121.87042,3560.5051,2963.5042,2521.0044,-0.81784296
dalle3,E:\437 project\dataset\train\fake\fake_23500_DALLE3.jpg,0.64312595,19.186647,1,86.554565,102.71097,113.52458,3614.7983,3910.491,3404.7402,-0.2595601
dalle3,E:\437 project\dataset\train\fake\fake_06454_DALLE3.jpg,0.53416437,15.807779,1,115.66225,104.16586,96.57269,5654.558,3637.4673,2566.684,0.11182308
dalle3,E:\437 project\dataset\train\fake\fake_19540_DALLE3.jpg,0.73709416,23.63562,1,164.31844,173.98114,160.16014,4747.4775,3643.0168,4745.1074,0.09164333
dalle3,E:\437 project\dataset\train\fake\fake_13900_DALLE3.jpg,0.6477129,26.835838,1,162.54707,172.11882,167.54482,5088.342,3697.4287,2745.7168,0.3191743
dalle3,E:\437 project\dataset\train\fake\fake_03370_DALLE3.jpg,0.4704029,14.510286,1,132.07785,122.71295,116.99991,4750.542,5702.4575,6380.312,0.0375762
dalle3,E:\437 project\dataset\train\fake\fake_32668_DALLE3.jpg,0.50822556,15.006048,1,152.21909,142.68576,121.53677,3751.1575,3950.4468,4172.1606,-0.48710155
dalle3,E:\437 project\dataset\train\fake\fake_30622_DALLE3.jpg,0.48212305,16.047625,1,102.98837,114.08153,119.379715,4567.8516,3829.3499,3974.963,-0.40408087
dalle3,E:\437 project\dataset\train\fake\fake_18046_DALLE3.jpg,0.48004058,35.21772,1,175.33786,192.54793,194.81223,8174.326,6467.006,6439.2,0.4783821
dalle3,E:\437 project\dataset\train\fake\fake_06694_DALLE3.jpg,0.5650042,16.137033,1,130.57281,108.312195,90.09653,3936.403,3569.882,2684.9998,0.30253553
dalle3,E:\437 project\dataset\train\fake\fake_23452_DALLE3.jpg,0.6322602,16.598387,1,130.99654,131.7022,116.95935,3186.0652,3340.5232,3577.5356,-0.51544285
dalle3,E:\437 project\dataset\train\fake\fake_12922_DALLE3.jpg,0.64741135,12.638757,1,110.35007,120.77492,122.9754,3515.1982,3118.7832,2946.897,-0.52889824
dalle3,E:\437 project\dataset\train\fake\fake_37342_DALLE3.jpg,0.6200679,15.923497,1,129.35048,104.367676,81.91441,2735.666,3119.9968,3105.0496,0.25648594
dalle3,E:\437 project\dataset\train\fake\fake_31750_DALLE3.jpg,0.72684336,19.156025,1,77.66116,96.18791,108.45326,3656.4626,3787.258,3587.1099,-0.016088009
dalle3,E:\437 project\dataset\train\fake\fake_21058_DALLE3.jpg,0.4793556,9.380423,1,85.673965,106.30145,103.94141,3468.5723,3488.22,3491.4043,0.2216816
dalle3,E:\437 project\dataset\train\fake\fake_07726_DALLE3.jpg,0.51752293,10.192691,1,147.49362,191.43683,205.526,3071.3074,1255.9304,632.53204,-0.08627939
dalle3,E:\437 project\dataset\train\fake\fake_01474_DALLE3.jpg,0.53168124,18.828854,1,98.95999,86.641815,79.5081,3436.0747,3153.8037,2922.1633,0.12169886
dalle3,E:\437 project\dataset\train\fake\fake_10774_DALLE3.jpg,0.64304924,14.567955,1,149.8241,122.41757,105.19374,2832.0693,3639.1924,3883.261,-0.3579502
dalle3,E:\437 project\dataset\train\fake\fake_31522_DALLE3.jpg,0.46013895,20.057436,1,115.15468,99.18468,86.31323,6195.4673,5442.799,4368.675,0.22137308
dalle3,E:\437 project\dataset\train\fake\fake_18196_DALLE3.jpg,0.73493385,21.846384,1,113.873184,108.60553,105.39569,4559.887,4770.9873,5043.9985,-0.020996094
dalle3,E:\437 project\dataset\train\fake\fake_17176_DALLE3.jpg,0.68157417,14.122307,1,116.63692,122.69069,117.103546,3027.8147,2202.1414,1487.3826,-0.32361364
dalle3,E:\437 project\dataset\train\fake\fake_16042_DALLE3.jpg,0.5554711,18.704882,1,141.69414,126.39816,121.263306,4175.7236,5387.245,6536.71,-0.5855794
dalle3,E:\437 project\dataset\train\fake\fake_35926_DALLE3.jpg,0.57059497,20.756905,1,92.39728,89.767914,81.57768,5200.665,4394.671,3839.305,0.5413203
dalle3,E:\437 project\dataset\train\fake\fake_01066_DALLE3.jpg,0.5886535,11.570689,1,162.77898,132.80046,113.92642,2449.3057,3513.837,3567.9197,-0.8435905
dalle3,E:\437 project\dataset\train\fake\fake_38806_DALLE3.jpg,0.500403,10.108754,1,85.51218,90.185425,83.339355,3441.8364,2286.547,1606.6583,-0.056405544
dalle3,E:\437 project\dataset\train\fake\fake_00226_DALLE3.jpg,0.57737744,13.149422,1,76.81067,84.29837,93.80377,4509.7407,3950.0251,3085.9163,-0.28068066
dalle3,E:\437 project\dataset\train\fake\fake_20380_DALLE3.jpg,0.47757086,9.663767,1,155.97017,148.67467,130.15407,2452.12,3177.975,4016.415,-0.97325706
dalle3,E:\437 project\dataset\train\fake\fake_22858_DALLE3.jpg,0.54730314,15.654533,1,142.0965,112.64197,84.95207,3634.2913,3724.4644,3419.8042,0.10452604
dalle3,E:\437 project\dataset\train\fake\fake_28252_DALLE3.jpg,0.49976522,14.195662,1,135.34938,128.39842,124.89012,3621.758,4379.039,4294.6235,-0.34437656
dalle3,E:\437 project\dataset\train\fake\fake_20200_DALLE3.jpg,0.48853037,17.359833,1,98.86922,85.62039,70.28995,4915.644,3888.3936,2796.9912,-0.071879864
dalle3,E:\437 project\dataset\train\fake\fake_28036_DALLE3.jpg,0.4982842,16.710943,1,112.27049,109.57742,109.54352,4584.7393,4406.7275,4519.6484,0.31229973
dalle3,E:\437 project\dataset\train\fake\fake_03514_DALLE3.jpg,0.5061172,11.518577,1,140.26344,97.385284,70.72862,6199.906,4217.985,2274.238,0.10037732
dalle3,E:\437 project\dataset\train\fake\fake_08632_DALLE3.jpg,0.6199431,21.996115,1,80.58888,74.160645,73.28206,3940.495,3224.1003,2850.8848,0.4644823
dalle3,E:\437 project\dataset\train\fake\fake_06136_DALLE3.jpg,0.49783334,15.096156,1,104.047,72.10065,53.209656,3979.2935,2900.7275,2039.5624,0.34812498
dalle3,E:\437 project\dataset\train\fake\fake_03268_DALLE3.jpg,0.53158414,13.714907,1,186.06389,154.7385,135.9996,4882.923,6609.0107,6435.8906,0.070373535
dalle3,E:\437 project\dataset\train\fake\fake_23284_DALLE3.jpg,0.52636164,17.182476,1,163.48956,145.61047,130.45944,4153.599,4918.5103,5369.1436,-0.14471436
dalle3,E:\437 project\dataset\train\fake\fake_06448_DALLE3.jpg,0.46053463,13.566013,1,108.97453,92.19829,81.118576,3909.765,3753.6328,3490.6753,-0.1956625
dalle3,E:\437 project\dataset\train\fake\fake_23800_DALLE3.jpg,0.4597266,11.65614,1,111.146225,102.67926,91.20599,3791.7798,4100.282,4269.553,-0.56987524
dalle3,E:\437 project\dataset\train\fake\fake_15298_DALLE3.jpg,0.6701628,22.10241,1,77.73187,77.87749,81.13869,3041.9114,3105.2373,3096.9307,0.66810083
dalle3,E:\437 project\dataset\train\fake\fake_29566_DALLE3.jpg,0.53064674,17.717386,1,119.49405,109.69951,101.02051,5116.4087,5331.3047,5189.9067,0.39150524
dalle3,E:\437 project\dataset\train\fake\fake_04516_DALLE3.jpg,0.65890944,16.608145,1,91.99365,81.818146,48.849655,4247.268,4033.5393,2487.2966,-0.030246735
dalle3,E:\437 project\dataset\train\fake\fake_28876_DALLE3.jpg,0.9253655,28.84243,1,162.66965,162.00415,162.39197,6143.405,6213.2334,6167.224,0.5478287
dalle3,E:\437 project\dataset\train\fake\fake_25822_DALLE3.jpg,0.52327394,12.940795,1,90.31847,101.06633,93.77487,5812.757,3852.2202,2636.9,0.20005178
dalle3,E:\437 project\dataset\train\fake\fake_29632_DALLE3.jpg,0.99599427,17.177248,1,100.522705,98.432785,96.08794,4023.1553,2274.0105,1708.6544,-0.14276123
dalle3,E:\437 project\dataset\train\fake\fake_20602_DALLE3.jpg,0.6195999,19.576704,1,121.01732,135.91753,142.90117,6228.7603,3971.7332,3595.3833,-0.25280428
dalle3,E:\437 project\dataset\train\fake\fake_09640_DALLE3.jpg,0.885166,21.23016,1,140.91748,153.2837,141.01251,3618.381,4790.049,5756.0996,0.5043602
dalle3,E:\437 project\dataset\train\fake\fake_23494_DALLE3.jpg,0.55676395,10.78275,1,69.51695,70.4126,61.167618,2137.3848,2069.3542,1940.2997,0.32826447
dalle3,E:\437 project\dataset\train\fake\fake_41782_DALLE3.jpg,0.45325902,8.77534,1,169.66231,153.92159,145.86311,1452.848,2391.4487,3496.2144,-0.27944064
dalle3,E:\437 project\dataset\train\fake\fake_39898_DALLE3.jpg,0.6364704,14.867668,1,75.3304,93.54805,66.28699,2967.763,2809.9116,2402.4053,-0.101677895
dalle3,E:\437 project\dataset\train\fake\fake_12706_DALLE3.jpg,0.5636363,19.42639,1,220.50668,191.03871,159.4494,2366.9082,4993.5996,6140.023,-0.09696102
dalle3,E:\437 project\dataset\train\fake\fake_14644_DALLE3.jpg,0.46440044,13.747423,1,117.307205,94.21034,82.99048,4251.2505,3941.861,3661.668,0.12274742
dalle3,E:\437 project\dataset\train\fake\fake_26062_DALLE3.jpg,0.68773466,21.161434,1,112.85167,106.372375,98.02307,5634.049,4395.86,2768.3972,-0.10392904
dalle3,E:\437 project\dataset\train\fake\fake_11608_DALLE3.jpg,0.736987,18.920815,1,142.46054,130.20175,112.162674,4774.909,4963.779,4435.856,0.16133118
dalle3,E:\437 project\dataset\train\fake\fake_13198_DALLE3.jpg,0.6253943,12.698264,1,141.9544,117.70549,77.850845,4528.236,3945.3826,2620.7437,0.2549343
dalle3,E:\437 project\dataset\train\fake\fake_00304_DALLE3.jpg,0.7213531,15.097716,1,119.556305,103.75046,79.20128,3884.5078,2894.5686,2125.8154,0.20766401
dalle3,E:\437 project\dataset\train\fake\fake_21838_DALLE3.jpg,0.5088977,14.578476,1,86.24107,68.7607,54.39328,5129.9624,3564.0415,1720.4617,0.15664005
dalle3,E:\437 project\dataset\train\fake\fake_28600_DALLE3.jpg,0.8108726,28.701557,1,168.42639,195.84016,155.20198,3154.212,4580.1924,8463.908,-1.706892
dalle3,E:\437 project\dataset\train\fake\fake_41716_DALLE3.jpg,0.5550145,17.353174,1,115.28554,104.88484,105.10739,3527.6506,3258.0994,2491.1018,0.3153119
dalle3,E:\437 project\dataset\train\fake\fake_17164_DALLE3.jpg,0.48317736,17.538729,1,114.90869,110.52124,106.77057,4369.4414,4749.268,4658.0864,-0.8766475
dalle3,E:\437 project\dataset\train\fake\fake_18496_DALLE3.jpg,0.3440671,7.9085574,1,108.605255,88.122986,75.17772,4601.7188,3846.4265,3151.873,0.15290236
dalle3,E:\437 project\dataset\train\fake\fake_32602_DALLE3.jpg,0.71756136,16.344513,1,116.13635,85.64018,77.4371,3798.8027,2958.8638,2246.828,-0.8898425
dalle3,E:\437 project\dataset\train\fake\fake_02578_DALLE3.jpg,0.77009124,18.533558,1,157.45021,142.19757,121.537674,4005.5894,4126.426,5650.22,0.0067243576
dalle3,E:\437 project\dataset\train\fake\fake_41350_DALLE3.jpg,0.5420017,23.03813,1,118.71182,97.61577,78.809814,5552.405,5008.1733,4458.821,0.381876
dalle3,E:\437 project\dataset\train\fake\fake_24928_DALLE3.jpg,0.6095322,15.357398,1,129.37401,98.00635,72.52214,3516.265,3404.6265,2845.5452,0.08435917
dalle3,E:\437 project\dataset\train\fake\fake_23338_DALLE3.jpg,0.46930292,9.66961,1,163.92163,157.48854,147.32034,2216.416,2607.2058,3007.572,0.8138194
dalle3,E:\437 project\dataset\train\fake\fake_08476_DALLE3.jpg,0.63012135,18.797451,1,124.343796,129.19455,131.11707,3831.8447,3996.236,3898.646,1.2845392
dalle3,E:\437 project\dataset\train\fake\fake_10396_DALLE3.jpg,0.62298256,17.066006,1,118.651245,96.950424,84.23547,4854.0967,3624.9617,3030.9622,0.25892973
dalle3,E:\437 project\dataset\train\fake\fake_13498_DALLE3.jpg,0.6181138,14.924733,1,134.69543,105.175995,70.89252,4511.184,3773.0925,2578.5728,-0.11051321
dalle3,E:\437 project\dataset\train\fake\fake_39892_DALLE3.jpg,0.5489584,18.118967,1,117.9935,107.34686,96.60127,6073.3906,5301.2886,4852.412,0.10437107
dalle3,E:\437 project\dataset\train\fake\fake_16690_DALLE3.jpg,0.5716049,22.48627,1,108.957886,103.74718,94.60295,3999.1348,4117.3994,3620.5498,-0.35913897
dalle3,E:\437 project\dataset\train\fake\fake_26128_DALLE3.jpg,0.4688245,10.167884,1,167.57884,159.79776,146.08482,3698.0269,4224.837,4553.801,0.038744926
dalle3,E:\437 project\dataset\train\fake\fake_23680_DALLE3.jpg,0.49304047,12.803469,1,142.2831,120.699265,97.80197,4546.451,5213.6304,5039.955,-0.15006733
dalle3,E:\437 project\dataset\train\fake\fake_27112_DALLE3.jpg,0.702259,16.984528,1,99.70494,127.55748,122.07866,3753.1187,2863.6052,2085.6235,0.5242653
dalle3,E:\437 project\dataset\train\fake\fake_22780_DALLE3.jpg,0.5897953,15.289495,1,114.83121,92.999954,72.65187,3312.4978,3295.7825,3057.6853,0.7166462
dalle3,E:\437 project\dataset\train\fake\fake_25480_DALLE3.jpg,0.5435055,13.0821705,1,178.0064,120.78555,87.82793,3820.181,3683.1018,2839.9026,-0.02718544
dalle3,E:\437 project\dataset\train\fake\fake_24652_DALLE3.jpg,0.42634645,11.588976,1,106.35112,80.643845,69.56099,4516.2407,3743.012,3258.9988,0.16103172
dalle3,E:\437 project\dataset\train\fake\fake_33892_DALLE3.jpg,0.6777074,16.802296,1,89.38104,114.245804,118.19914,5095.7476,4802.9526,2533.9983,0.70615673
dalle3,E:\437 project\dataset\train\fake\fake_13642_DALLE3.jpg,0.6413992,15.808293,1,141.61264,159.59363,166.59837,4648.288,3534.6726,2753.9683,0.16125298
dalle3,E:\437 project\dataset\train\fake\fake_20356_DALLE3.jpg,0.71415824,15.184348,1,127.13284,133.68399,109.96857,3354.2463,2894.6323,3182.9768,-0.18682194
dalle3,E:\437 project\dataset\train\fake\fake_34642_DALLE3.jpg,0.70502704,21.11216,1,81.33989,67.27159,51.598923,3418.0532,2776.4033,2124.6013,-0.014407158
dalle3,E:\437 project\dataset\train\fake\fake_13840_DALLE3.jpg,0.7020643,18.711813,1,121.36488,115.32065,110.47107,4694.98,4121.7734,3262.153,-0.38728046
dalle3,E:\437 project\dataset\train\fake\fake_27358_DALLE3.jpg,0.74778897,16.791677,1,84.69519,82.46907,84.427734,2899.9307,2477.3652,2171.2954,0.09939718
dalle3,E:\437 project\dataset\train\fake\fake_21748_DALLE3.jpg,0.530349,24.884558,1,135.86646,125.65169,110.62973,6371.6553,6248.1143,6441.1787,0.11396694
dalle3,E:\437 project\dataset\train\fake\fake_34888_DALLE3.jpg,0.5924196,16.42074,1,145.20065,143.37723,111.27815,5586.1235,3504.8977,3705.5576,0.236341
dalle3,E:\437 project\dataset\train\fake\fake_10444_DALLE3.jpg,0.5278129,16.170803,1,129.62068,123.412796,103.70924,5027.233,4929.5034,5227.507,0.3432274
dalle3,E:\437 project\dataset\train\fake\fake_33664_DALLE3.jpg,0.68868214,17.111303,1,120.49562,132.44678,103.273605,3758.8345,3554.6084,3261.4595,-0.241189
dalle3,E:\437 project\dataset\train\fake\fake_12712_DALLE3.jpg,0.51930475,17.961855,1,119.172714,103.99806,88.405426,5370.7554,5291.2334,4655.8647,0.29169226
dalle3,E:\437 project\dataset\train\fake\fake_36268_DALLE3.jpg,0.6799033,13.02827,1,134.70503,102.004395,83.79527,4767.2217,3514.5144,2414.66,0.09296489
dalle3,E:\437 project\dataset\train\fake\fake_16108_DALLE3.jpg,0.7738029,27.484846,1,102.6741,72.84648,108.67633,5556.142,3810.4097,2486.2131,0.18269253
dalle3,E:\437 project\dataset\train\fake\fake_33724_DALLE3.jpg,0.50522166,14.988867,1,119.71759,110.38028,99.76004,5299.046,4783.529,5211.4688,0.23757315
dalle3,E:\437 project\dataset\train\fake\fake_26206_DALLE3.jpg,0.75398576,17.466322,1,84.05534,72.47191,72.576416,3219.2102,3041.3455,3257.3179,0.33220196
dalle3,E:\437 project\dataset\train\fake\fake_09304_DALLE3.jpg,0.7119522,31.426886,1,87.36058,85.78212,86.63371,5488.3896,5529.557,5511.909,-0.034464836
dalle3,E:\437 project\dataset\train\fake\fake_01384_DALLE3.jpg,0.54909074,12.838129,1,119.10408,119.61838,117.25586,5337.9224,4668.979,4184.9673,-0.029731274
dalle3,E:\437 project\dataset\train\fake\fake_03208_DALLE3.jpg,0.58877134,17.63517,1,106.717224,105.59021,102.24831,4741.057,4510.9688,4144.2456,-0.4240718
dalle3,E:\437 project\dataset\train\fake\fake_01438_DALLE3.jpg,0.692011,16.535454,1,127.10602,116.48706,109.62862,3686.739,3547.7605,2507.7327,-0.9795642
dalle3,E:\437 project\dataset\train\fake\fake_36586_DALLE3.jpg,0.51094806,16.69682,1,156.39075,130.62175,99.94139,4773.424,5006.635,4382.034,-0.05905056
dalle3,E:\437 project\dataset\train\fake\fake_32650_DALLE3.jpg,0.5945372,21.24556,1,102.761536,101.478836,102.1277,6806.4004,6877.2524,6843.0396,-0.13339806
dalle3,E:\437 project\dataset\train\fake\fake_35644_DALLE3.jpg,0.38676667,14.279637,1,142.74033,109.827286,79.594284,4155.4004,3970.5615,3386.508,-0.074739456
dalle3,E:\437 project\dataset\train\fake\fake_22906_DALLE3.jpg,0.56141216,13.553234,1,126.84119,143.39737,128.22139,3822.403,3810.3167,4850.7407,-0.22288895
dalle3,E:\437 project\dataset\train\fake\fake_35524_DALLE3.jpg,0.85756934,20.34996,1,95.174866,96.82109,101.55667,3343.1687,3750.5254,4395.266,0.43661308
dalle3,E:\437 project\dataset\train\fake\fake_18802_DALLE3.jpg,0.62717646,12.479084,1,138.38698,111.95871,109.038315,3184.7751,3040.3914,3313.296,0.45395708
dalle3,E:\437 project\dataset\train\fake\fake_11332_DALLE3.jpg,0.6066331,16.343204,1,77.7446,91.98924,89.230896,4636.9136,3480.141,1915.2554,0.2673955
dalle3,E:\437 project\dataset\train\fake\fake_07972_DALLE3.jpg,0.5870547,15.268876,1,156.28732,137.36946,117.96387,2814.3904,3536.7876,3924.915,0.37344456
dalle3,E:\437 project\dataset\train\fake\fake_20302_DALLE3.jpg,0.7412208,17.435951,1,142.9809,130.84506,119.66881,3567.9844,3475.3528,3247.8135,-0.6100755
dalle3,E:\437 project\dataset\train\fake\fake_08728_DALLE3.jpg,0.66087985,16.292156,1,132.64575,95.87048,73.40137,4621.479,2996.6973,1759.2233,0.33547688
dalle3,E:\437 project\dataset\train\fake\fake_34300_DALLE3.jpg,0.45143008,17.17453,1,138.53625,125.683624,113.1935,5373.3564,5548.697,5169.6763,0.62795067
dalle3,E:\437 project\dataset\train\fake\fake_34660_DALLE3.jpg,0.5227609,13.268515,1,79.51871,72.68121,50.466934,3606.7432,3098.862,2110.1375,0.12360525
dalle3,E:\437 project\dataset\train\fake\fake_12832_DALLE3.jpg,0.6252146,19.778366,1,143.12207,130.00874,114.826935,4847.822,4152.846,3430.4207,-0.2604618
dalle3,E:\437 project\dataset\train\fake\fake_26656_DALLE3.jpg,0.6304815,17.667202,1,115.50255,111.58038,101.00552,5401.763,4518.371,4060.1008,1.2014861
dalle3,E:\437 project\dataset\train\fake\fake_15460_DALLE3.jpg,0.72775304,19.003761,1,90.97046,80.000336,72.05551,4195.0156,3623.319,3001.1768,-0.020984173
dalle3,E:\437 project\dataset\train\fake\fake_13636_DALLE3.jpg,0.68998295,20.91563,1,127.2063,130.14877,119.34625,5464.566,4072.146,3734.5771,-0.002064705
dalle3,E:\437 project\dataset\train\fake\fake_15712_DALLE3.jpg,0.44463024,10.026416,1,170.58913,124.89737,73.33229,4386.2295,3910.7402,2599.7144,-0.09097934
dalle3,E:\437 project\dataset\train\fake\fake_38134_DALLE3.jpg,0.48648477,15.699235,1,87.875854,94.53807,77.62761,5404.5986,2923.7607,3295.8813,0.12681389
dalle3,E:\437 project\dataset\train\fake\fake_15742_DALLE3.jpg,0.63892907,12.843957,1,133.08318,102.9191,70.210236,5052.6934,3202.9695,2197.2085,-0.12602472
dalle3,E:\437 project\dataset\train\fake\fake_02812_DALLE3.jpg,0.5375354,15.501433,1,140.33855,115.75281,97.20137,4195.678,4340.5215,4566.422,-0.8799281
dalle3,E:\437 project\dataset\train\fake\fake_00478_DALLE3.jpg,0.55682594,16.370893,1,130.85147,131.32285,97.67595,5386.7817,4553.203,4737.5967,0.08801985
dalle3,E:\437 project\dataset\train\fake\fake_38158_DALLE3.jpg,0.56765413,14.809286,1,154.29378,160.69717,160.71936,3006.0208,2888.7747,2992.484,-0.25608158
dalle3,E:\437 project\dataset\train\fake\fake_29722_DALLE3.jpg,0.5717544,17.997099,1,87.89235,79.07907,66.92105,4169.0835,3551.4194,2594.515,0.22889757
dalle3,E:\437 project\dataset\train\fake\fake_20782_DALLE3.jpg,0.43542016,16.11251,1,142.54977,109.743195,66.364746,5685.665,4411.955,2952.529,0.6232233
dalle3,E:\437 project\dataset\train\fake\fake_12382_DALLE3.jpg,0.5831337,17.666897,1,122.13753,105.00871,86.488846,5429.2407,3981.2842,2880.8472,-0.5362997
dalle3,E:\437 project\dataset\train\fake\fake_29266_DALLE3.jpg,0.70893645,15.510099,1,61.939636,63.892624,61.143463,3335.9785,2287.8647,1962.196,-0.25497675
dalle3,E:\437 project\dataset\train\fake\fake_38218_DALLE3.jpg,0.51422495,11.18936,1,149.30309,134.11516,124.499695,2814.0815,3755.7485,4223.367,0.5942154
dalle3,E:\437 project\dataset\train\fake\fake_23602_DALLE3.jpg,0.5823105,16.060936,1,140.66042,137.39537,132.85246,3353.9219,3535.0247,3773.0442,-0.13257074
dalle3,E:\437 project\dataset\train\fake\fake_33046_DALLE3.jpg,0.37475586,12.642557,1,89.64517,89.99234,82.6927,4377.1963,3676.7844,2868.552,-0.077075005
dalle3,E:\437 project\dataset\train\fake\fake_38782_DALLE3.jpg,0.5188594,15.190284,1,127.95787,118.362045,106.81787,3721.626,3723.4143,3699.6978,-0.5485196
dalle3,E:\437 project\dataset\train\fake\fake_19036_DALLE3.jpg,0.46291867,14.501364,1,147.70839,128.70972,105.034225,4724.13,3882.5173,4441.308,-0.046214104
dalle3,E:\437 project\dataset\train\fake\fake_11368_DALLE3.jpg,0.6420577,20.034714,1,99.581635,85.25194,71.21997,5888.09,4294.6074,3955.9185,-0.74458694
dalle3,E:\437 project\dataset\train\fake\fake_13240_DALLE3.jpg,0.4740328,20.810854,1,233.12128,172.54396,148.86533,2186.5254,5054.2544,2868.7883,0.21019268
dalle3,E:\437 project\dataset\train\fake\fake_05968_DALLE3.jpg,0.6543819,23.850662,1,124.32419,147.22438,146.56488,5369.977,4511.609,2570.6711,-0.70457983
dalle3,E:\437 project\dataset\train\fake\fake_10810_DALLE3.jpg,0.71073955,14.6024475,1,143.9303,129.4597,115.00087,2596.6628,2862.0242,2909.0967,-0.6683035
dalle3,E:\437 project\dataset\train\fake\fake_41092_DALLE3.jpg,0.670626,17.882002,1,118.33028,123.18909,114.10268,4352.249,3967.1694,3814.734,-0.19758701
dalle3,E:\437 project\dataset\train\fake\fake_08716_DALLE3.jpg,0.5711677,13.6678505,1,111.84837,90.68146,72.22446,4995.3604,3057.8887,1780.0371,0.032921314
dalle3,E:\437 project\dataset\train\fake\fake_09520_DALLE3.jpg,0.54813594,21.733217,1,99.6198,149.84796,115.88518,8118.7236,3889.4272,3900.0771,-0.2393508
dalle3,E:\437 project\dataset\train\fake\fake_24082_DALLE3.jpg,0.5897812,15.906825,1,114.91261,101.2379,91.02133,4725.9585,4646.0376,4518.2666,-0.32055664
dalle3,E:\437 project\dataset\train\fake\fake_02746_DALLE3.jpg,0.61383927,16.957994,1,112.16089,80.43765,55.087997,4063.753,3238.6238,2122.7087,0.33056927
dalle3,E:\437 project\dataset\train\fake\fake_08710_DALLE3.jpg,0.61684597,16.317163,1,153.98863,146.77596,131.73705,2949.2566,3248.522,3946.0862,-0.4314413
dalle3,E:\437 project\dataset\train\fake\fake_35788_DALLE3.jpg,0.4986683,19.01897,1,115.4026,99.51056,73.69446,4728.6445,3954.0974,3731.3228,-0.0006842613
dalle3,E:\437 project\dataset\train\fake\fake_32212_DALLE3.jpg,0.65381306,17.43348,1,91.77179,94.23236,90.95764,4064.0205,2962.0,2345.9846,0.4332676
dalle3,E:\437 project\dataset\train\fake\fake_02626_DALLE3.jpg,0.5729256,15.113599,1,135.59448,78.446396,45.29593,5227.3896,3038.6782,2277.1812,-0.018453121
dalle3,E:\437 project\dataset\train\fake\fake_35680_DALLE3.jpg,0.51688004,11.524306,1,135.11584,116.69328,96.75577,3240.0725,3811.9856,3887.6995,-0.08554554
dalle3,E:\437 project\dataset\train\fake\fake_30076_DALLE3.jpg,0.8909536,22.548111,1,154.61362,145.95198,148.92865,6437.0835,5824.6294,4876.885,1.3105106
dalle3,E:\437 project\dataset\train\fake\fake_11830_DALLE3.jpg,0.5339361,16.204662,1,127.62282,109.20082,89.91559,3897.1702,4174.636,4406.5605,0.07334328
dalle3,E:\437 project\dataset\train\fake\fake_30160_DALLE3.jpg,0.452073,14.443109,1,127.402115,113.01697,98.989365,4248.7285,4454.384,4267.709,0.22513795
dalle3,E:\437 project\dataset\train\fake\fake_16300_DALLE3.jpg,0.5833862,20.974247,1,116.76259,100.601425,79.00983,4627.9316,3509.0903,2908.2576,-0.13402128
dalle3,E:\437 project\dataset\train\fake\fake_02818_DALLE3.jpg,0.49396256,9.376512,1,140.44992,119.23778,64.27556,5028.2812,3117.249,2562.239,-0.1889484
dalle3,E:\437 project\dataset\train\fake\fake_03022_DALLE3.jpg,0.45588428,12.602327,1,133.22612,115.496994,97.313156,6448.577,5734.648,4001.1858,-1.0433359
dalle3,E:\437 project\dataset\train\fake\fake_06286_DALLE3.jpg,0.61523706,17.847147,1,95.549225,74.30179,61.612213,4360.7427,3226.9888,2428.7024,-0.10716629
dalle3,E:\437 project\dataset\train\fake\fake_20164_DALLE3.jpg,0.72939295,20.43586,1,108.18938,100.68379,92.55174,3589.0823,4416.2773,4838.987,0.22237873
dalle3,E:\437 project\dataset\train\fake\fake_35638_DALLE3.jpg,0.39322978,14.084545,1,151.29779,136.09602,123.67584,4546.288,3998.0012,4304.318,0.59065056
dalle3,E:\437 project\dataset\train\fake\fake_23230_DALLE3.jpg,0.5095021,12.593899,1,152.91399,161.35533,156.23293,3017.0955,3064.9724,3677.6428,0.29589176
dalle3,E:\437 project\dataset\train\fake\fake_23578_DALLE3.jpg,0.60764456,21.780968,1,133.05634,132.11142,124.960266,4345.9927,4419.6914,3911.9395,0.5924001
dalle3,E:\437 project\dataset\train\fake\fake_36604_DALLE3.jpg,0.6137124,13.380515,1,155.06036,150.71826,139.2716,2968.1199,3392.5674,3909.1365,-0.4254198
dalle3,E:\437 project\dataset\train\fake\fake_28588_DALLE3.jpg,0.45515564,13.991302,1,126.04039,133.5431,137.70874,4571.3276,3921.5461,2955.4536,0.2003429
dalle3,E:\437 project\dataset\train\fake\fake_32482_DALLE3.jpg,0.53421605,16.57318,1,105.24815,105.58531,96.866135,7266.2485,3854.154,1606.7203,0.550766
dalle3,E:\437 project\dataset\train\fake\fake_21694_DALLE3.jpg,0.3959905,15.060391,1,114.36969,100.466446,78.469406,5745.7983,3614.3716,3040.3933,-0.08450508
dalle3,E:\437 project\dataset\train\fake\fake_36940_DALLE3.jpg,0.5597702,17.902317,1,126.60744,134.37267,124.23509,4321.9233,3962.7517,2245.846,-1.0201979
dalle3,E:\437 project\dataset\train\fake\fake_02842_DALLE3.jpg,0.64598846,16.550209,1,114.10684,102.17276,91.37999,4138.5703,3737.6296,3188.9602,-0.28163671
dalle3,E:\437 project\dataset\train\fake\fake_36502_DALLE3.jpg,0.54903024,13.829525,1,149.49165,117.06436,96.788864,3416.771,3688.0713,3424.4138,0.05593109
dalle3,E:\437 project\dataset\train\fake\fake_17320_DALLE3.jpg,0.8476396,16.614216,1,101.693695,112.488434,109.430954,2587.2034,2970.8267,2437.7808,0.30999565
dalle3,E:\437 project\dataset\train\fake\fake_09328_DALLE3.jpg,0.7058518,15.902902,1,146.74509,162.17061,150.38733,4122.7944,3380.3882,4708.0,-0.33719254
dalle3,E:\437 project\dataset\train\fake\fake_24766_DALLE3.jpg,0.6299139,17.95009,1,104.61673,134.18054,145.431,4967.438,4167.6494,4285.445,-0.31596518
dalle3,E:\437 project\dataset\train\fake\fake_11644_DALLE3.jpg,0.6159915,14.497742,1,145.30345,121.79332,92.98079,4291.096,3664.8462,3184.7402,-0.11740923
dalle3,E:\437 project\dataset\train\fake\fake_37120_DALLE3.jpg,0.5436266,13.558383,1,113.92627,126.297455,121.37851,4703.8794,4366.7163,5024.173,0.22387457
dalle3,E:\437 project\dataset\train\fake\fake_35686_DALLE3.jpg,0.5373831,17.89569,1,124.67085,105.70308,89.85544,4515.7197,4337.9033,4683.4023,-0.14846706
dalle3,E:\437 project\dataset\train\fake\fake_32758_DALLE3.jpg,0.5055859,12.163915,1,102.41205,142.92883,155.41183,5144.5312,2818.7634,2257.1814,0.004384041
dalle3,E:\437 project\dataset\train\fake\fake_40090_DALLE3.jpg,0.6751146,23.488016,1,156.05827,123.997635,118.885254,4370.4336,4197.018,3733.4355,-0.21255016
dalle3,E:\437 project\dataset\train\fake\fake_38986_DALLE3.jpg,0.4936127,18.037827,1,111.47954,94.94954,75.62723,6121.9077,5162.1494,4324.569,0.32615805
dalle3,E:\437 project\dataset\train\fake\fake_36904_DALLE3.jpg,0.5706231,15.428091,1,124.23482,102.77089,83.46979,5562.5376,4671.1875,3350.5767,-0.13594532
dalle3,E:\437 project\dataset\train\fake\fake_17404_DALLE3.jpg,0.63192976,15.731147,1,165.86612,153.20367,140.63315,2363.8096,2946.133,3439.8792,-0.2885995
dalle3,E:\437 project\dataset\train\fake\fake_07210_DALLE3.jpg,0.5563284,14.212511,1,157.91505,122.67259,94.332214,4369.9556,3631.6062,2090.4993,-0.15914822
dalle3,E:\437 project\dataset\train\fake\fake_34288_DALLE3.jpg,0.68767816,11.867429,1,78.48993,67.3371,42.438538,2713.2278,2006.8445,943.034,-0.2692604
dalle3,E:\437 project\dataset\train\fake\fake_37618_DALLE3.jpg,0.39538246,11.040538,1,111.460266,92.93405,72.72673,4917.3374,3781.9536,3238.043,-0.20606542
dalle3,E:\437 project\dataset\train\fake\fake_03214_DALLE3.jpg,0.54776084,13.024362,1,127.066055,116.19406,89.48715,4630.724,3381.5156,2703.7783,0.07441139
dalle3,E:\437 project\dataset\train\fake\fake_34138_DALLE3.jpg,0.6478391,20.877506,1,117.324326,160.83273,171.78358,4988.0264,3608.4275,2707.234,-0.29314137
dalle3,E:\437 project\dataset\train\fake\fake_22402_DALLE3.jpg,0.4486646,8.583966,1,181.82802,129.86223,52.78087,1980.1704,3103.6108,3312.5347,0.3871156
dalle3,E:\437 project\dataset\train\fake\fake_34798_DALLE3.jpg,0.5856489,15.136245,1,107.722565,90.239105,67.75754,3707.2368,3264.0068,3492.8335,0.031629086
dalle3,E:\437 project\dataset\train\fake\fake_17248_DALLE3.jpg,0.5333056,12.903706,1,119.55296,100.85881,97.84235,4884.059,5490.4517,4936.1704,0.050429106
dalle3,E:\437 project\dataset\train\fake\fake_31072_DALLE3.jpg,0.35099405,11.89463,1,140.07368,122.65779,110.54315,6116.238,5765.632,5411.8374,0.03742981
dalle3,E:\437 project\dataset\train\fake\fake_18856_DALLE3.jpg,0.48498353,14.312407,1,163.68626,154.03764,152.04132,3811.9736,3694.669,2882.038,-0.1292553
dalle3,E:\437 project\dataset\train\fake\fake_18682_DALLE3.jpg,0.5990619,16.345512,1,106.59221,105.68265,105.59129,4272.3726,3737.9995,3499.0298,0.3084283
dalle3,E:\437 project\dataset\train\fake\fake_22840_DALLE3.jpg,0.42151317,15.342792,1,108.33658,94.61621,86.96518,7485.692,5942.5664,4780.853,-0.40188742
dalle3,E:\437 project\dataset\train\fake\fake_30232_DALLE3.jpg,0.44055048,11.323094,1,126.5565,106.84465,91.272705,5760.346,5580.5645,5184.466,0.025870562
dalle3,E:\437 project\dataset\train\fake\fake_24322_DALLE3.jpg,0.53253675,18.56827,1,74.95958,66.75951,60.68347,4597.0454,3783.65,3371.2625,0.21070528
dalle3,E:\437 project\dataset\train\fake\fake_18262_DALLE3.jpg,0.4649749,13.273373,1,174.12158,150.64198,125.975525,5157.1665,5251.293,4137.9175,0.024607182
dalle3,E:\437 project\dataset\train\fake\fake_08014_DALLE3.jpg,0.6131654,22.847334,1,114.96161,132.57437,145.0327,11604.054,8717.66,6351.9727,-0.00042295456
dalle3,E:\437 project\dataset\train\fake\fake_37468_DALLE3.jpg,0.6820566,23.999578,1,158.55591,166.55455,169.8974,7266.442,6547.5,5450.441,0.15354967
dalle3,E:\437 project\dataset\train\fake\fake_16588_DALLE3.jpg,0.5946969,9.879153,1,156.60353,137.19739,118.536194,1865.488,2468.2788,2782.7595,-0.5407462
dalle3,E:\437 project\dataset\train\fake\fake_33370_DALLE3.jpg,0.5215965,18.14405,1,116.47888,114.96086,118.13309,5739.536,6125.7393,5400.3467,0.02796793
dalle3,E:\437 project\dataset\train\fake\fake_11788_DALLE3.jpg,0.49157766,25.792067,1,163.02039,166.57814,135.92082,8647.82,7430.4165,11215.455,0.5546508
dalle3,E:\437 project\dataset\train\fake\fake_09358_DALLE3.jpg,0.4392125,13.529837,1,122.48102,103.16528,58.32419,4084.525,3763.5288,2690.9978,-0.3940835
dalle3,E:\437 project\dataset\train\fake\fake_01114_DALLE3.jpg,0.53912455,21.583265,1,125.733246,111.26564,97.64757,4872.41,4853.209,4854.87,0.69804096
dalle3,E:\437 project\dataset\train\fake\fake_33190_DALLE3.jpg,0.54589176,16.880407,1,127.75755,100.80574,84.97394,4866.9165,4689.3833,3817.2761,0.24761105
dalle3,E:\437 project\dataset\train\fake\fake_30430_DALLE3.jpg,0.56710607,17.482025,1,99.607086,87.43594,87.299225,4415.0605,3456.7068,3743.921,-0.056136608
dalle3,E:\437 project\dataset\train\fake\fake_40282_DALLE3.jpg,0.44873425,17.456034,1,112.67502,96.373276,83.15494,3511.477,3218.7842,2887.9517,0.07175112
dalle3,E:\437 project\dataset\train\fake\fake_35050_DALLE3.jpg,0.7692263,18.367426,1,126.581406,110.467896,106.536514,4768.0137,5272.9565,4752.856,0.025654316
dalle3,E:\437 project\dataset\train\fake\fake_38518_DALLE3.jpg,0.39088634,12.828643,1,113.66739,97.10391,99.02707,3622.4246,4608.136,4713.1543,0.019148827
dalle3,E:\437 project\dataset\train\fake\fake_21976_DALLE3.jpg,0.50996643,9.361902,1,91.037674,82.39726,64.117645,4001.2412,3650.4114,3643.6287,0.03803444
dalle3,E:\437 project\dataset\train\fake\fake_21454_DALLE3.jpg,0.49349666,20.653805,1,136.90102,128.93767,119.88718,5206.6353,4675.6855,4720.2695,0.26459265
dalle3,E:\437 project\dataset\train\fake\fake_12466_DALLE3.jpg,0.701301,16.807817,1,121.07979,187.17967,159.45555,6022.454,2721.2947,6137.816,-0.15246296
dalle3,E:\437 project\dataset\train\fake\fake_09010_DALLE3.jpg,0.41533607,18.455797,1,125.569336,123.08833,127.05995,6130.571,5418.148,4979.8325,0.9406333
dalle3,E:\437 project\dataset\train\fake\fake_01402_DALLE3.jpg,0.5128181,13.345852,1,114.091446,83.93182,61.728394,4313.56,3225.0332,2634.2505,0.20514011
dalle3,E:\437 project\dataset\train\fake\fake_32938_DALLE3.jpg,0.52449477,15.880074,1,135.76187,105.61801,93.849976,4615.802,4426.6084,3867.7605,0.67366934
dalle3,E:\437 project\dataset\train\fake\fake_08992_DALLE3.jpg,0.4969795,16.902185,1,112.789276,109.54735,104.68071,5316.5703,5329.44,4891.801,-0.023765087
dalle3,E:\437 project\dataset\train\fake\fake_28540_DALLE3.jpg,0.65253484,16.546387,1,94.74069,92.067764,88.42421,3860.239,3159.4236,2587.2585,0.35450268
dalle3,E:\437 project\dataset\train\fake\fake_26458_DALLE3.jpg,0.5775039,15.481093,1,122.93637,108.496735,80.3797,3110.0598,2297.936,2169.1785,0.3608861
dalle3,E:\437 project\dataset\train\fake\fake_22306_DALLE3.jpg,0.57694227,20.029379,1,110.127014,104.81412,97.71904,5010.6924,4853.811,3980.9902,0.09201908
dalle3,E:\437 project\dataset\train\fake\fake_14992_DALLE3.jpg,0.5777893,19.49652,1,102.05417,90.20004,72.6387,4083.6108,3521.1619,3270.1956,0.19493198
dalle3,E:\437 project\dataset\train\fake\fake_04408_DALLE3.jpg,0.4143609,13.777405,1,127.03325,89.96167,57.386932,4658.1387,3898.1953,1944.4943,0.12837744
dalle3,E:\437 project\dataset\train\fake\fake_09898_DALLE3.jpg,0.74196815,24.592318,1,157.39827,132.04915,113.77989,4729.5273,5393.0503,4035.7893,0.4667244
dalle3,E:\437 project\dataset\train\fake\fake_11740_DALLE3.jpg,0.50503683,16.525932,1,150.32047,184.09332,188.72093,6729.908,3921.5925,5437.7886,0.081133366
dalle3,E:\437 project\dataset\train\fake\fake_38956_DALLE3.jpg,0.7714521,17.671038,1,159.29816,149.04459,131.0658,3496.1091,3845.7417,3743.7915,-0.4345584
dalle3,E:\437 project\dataset\train\fake\fake_13660_DALLE3.jpg,0.31961587,7.5274224,1,75.76492,59.204712,63.113342,3691.6047,2964.7085,2180.5654,-0.03432846
dalle3,E:\437 project\dataset\train\fake\fake_24754_DALLE3.jpg,0.5278814,13.5555,1,174.07318,162.78365,150.6349,2252.1838,2746.2815,3136.724,-1.1531141
dalle3,E:\437 project\dataset\train\fake\fake_26788_DALLE3.jpg,0.4137444,15.386654,1,103.3495,93.82019,90.2052,4942.3647,4698.312,4734.645,0.07611513
dalle3,E:\437 project\dataset\train\fake\fake_38758_DALLE3.jpg,0.5776926,17.185768,1,140.43504,167.37674,177.48274,3547.928,3166.8909,3183.693,0.08208084
dalle3,E:\437 project\dataset\train\fake\fake_18268_DALLE3.jpg,0.7184961,17.858898,1,129.98094,113.58212,96.836395,4455.9917,3304.6633,2555.498,-0.014243126
dalle3,E:\437 project\dataset\train\fake\fake_09496_DALLE3.jpg,0.597714,17.822964,1,115.30531,100.809204,80.30386,3496.3542,2970.2927,3010.4797,0.3096013
dalle3,E:\437 project\dataset\train\fake\fake_31636_DALLE3.jpg,0.76936966,14.925117,1,145.43614,120.25639,97.35756,3700.5334,3595.068,3251.506,-0.07330942
dalle3,E:\437 project\dataset\train\fake\fake_14254_DALLE3.jpg,0.5469973,13.249593,1,122.37346,123.0535,125.80284,4381.73,4054.7473,3572.789,0.095169544
dalle3,E:\437 project\dataset\train\fake\fake_24214_DALLE3.jpg,0.46689332,16.322275,1,104.21684,88.07504,76.078186,4862.298,4496.4165,3653.4348,0.088440895
dalle3,E:\437 project\dataset\train\fake\fake_11218_DALLE3.jpg,0.6191818,14.9736,1,128.53682,134.63492,121.12825,5296.797,4884.907,5066.9204,0.5802541
dalle3,E:\437 project\dataset\train\fake\fake_29938_DALLE3.jpg,0.33709928,11.887424,1,123.242905,102.977005,90.57541,3879.654,3834.4736,3943.885,0.17027903
dalle3,E:\437 project\dataset\train\fake\fake_34930_DALLE3.jpg,0.6045858,17.40465,1,151.4925,114.555374,95.38187,5183.4106,4480.4263,2726.4724,0.24695206
dalle3,E:\437 project\dataset\train\fake\fake_18544_DALLE3.jpg,0.50569546,13.510443,1,141.99747,134.35252,121.50729,3986.9448,4256.6084,4766.2954,-0.4851489
dalle3,E:\437 project\dataset\train\fake\fake_29410_DALLE3.jpg,0.75055504,19.588642,1,113.03841,104.64435,97.72824,4409.4897,3455.7087,2629.238,-0.15567589
dalle3,E:\437 project\dataset\train\fake\fake_01306_DALLE3.jpg,0.56526256,17.301912,1,159.21112,153.65656,133.5112,2365.9407,3185.2861,5292.8735,-0.19605446
dalle3,E:\437 project\dataset\train\fake\fake_29992_DALLE3.jpg,0.49134222,19.170902,1,192.23428,199.0054,182.56155,7086.6206,5084.2354,7467.4316,0.44180012
dalle3,E:\437 project\dataset\train\fake\fake_27220_DALLE3.jpg,0.49647757,10.871116,1,137.30775,161.8437,143.996,5167.9316,2861.1353,4748.3384,0.07907939
dalle3,E:\437 project\dataset\train\fake\fake_20536_DALLE3.jpg,1.022962,26.732586,1,129.53476,113.24663,100.94786,4981.648,3916.9863,3642.8413,-1.289526
dalle3,E:\437 project\dataset\train\fake\fake_19618_DALLE3.jpg,0.4869574,17.293848,1,104.48082,92.667786,79.34538,4656.568,4129.115,3597.772,-0.24362087
dalle3,E:\437 project\dataset\train\fake\fake_04060_DALLE3.jpg,0.5716892,14.367982,1,151.71558,198.38701,159.1379,2751.836,1875.8517,7544.808,0.4381554
dalle3,E:\437 project\dataset\train\fake\fake_40348_DALLE3.jpg,0.6579738,19.919645,1,97.51289,77.31554,71.11435,3588.2734,2927.0933,2621.4507,-0.22216415
dalle3,E:\437 project\dataset\train\fake\fake_31264_DALLE3.jpg,0.6418253,17.88125,1,101.157166,89.7695,87.690094,4741.578,2873.8003,2073.7126,-0.3754282
dalle3,E:\437 project\dataset\train\fake\fake_20482_DALLE3.jpg,0.5405626,12.139573,1,103.18756,110.12346,119.7641,4789.424,3472.6729,3371.936,0.12798834
dalle3,E:\437 project\dataset\train\fake\fake_25972_DALLE3.jpg,0.5575504,16.321531,1,110.14975,114.937454,89.44406,3456.2576,3484.0842,3455.3914,-0.3936224
dalle3,E:\437 project\dataset\train\fake\fake_08524_DALLE3.jpg,0.35268137,13.480119,1,134.67265,118.211945,90.11771,5048.275,5091.3506,4681.681,0.03890896
dalle3,E:\437 project\dataset\train\fake\fake_25522_DALLE3.jpg,0.71673626,14.567508,1,144.1984,149.11314,149.5817,2316.931,2598.6152,2714.7207,-0.34106302
dalle3,E:\437 project\dataset\train\fake\fake_02290_DALLE3.jpg,0.33046567,9.866527,1,140.92465,125.11331,113.93489,5896.38,6204.563,6190.245,0.1591959
dalle3,E:\437 project\dataset\train\fake\fake_36292_DALLE3.jpg,0.5610038,11.380294,1,152.46599,153.70576,150.09988,2921.9866,3500.8574,3984.2708,-0.8849139
dalle3,E:\437 project\dataset\train\fake\fake_40534_DALLE3.jpg,0.5857875,17.239635,1,105.21213,101.25488,93.1965,4429.251,3739.0635,3122.047,-0.5500498
dalle3,E:\437 project\dataset\train\fake\fake_06952_DALLE3.jpg,0.60773885,16.304344,1,143.47404,133.9279,106.71782,3164.4934,3708.565,2897.6108,-0.6559429
dalle3,E:\437 project\dataset\train\fake\fake_19714_DALLE3.jpg,0.48636806,12.35071,1,50.193436,53.81723,54.10492,2925.8306,1920.9303,1683.9327,0.20757794
dalle3,E:\437 project\dataset\train\fake\fake_32770_DALLE3.jpg,0.49289334,15.863579,1,125.066925,104.69951,94.17177,4463.8315,4477.5854,4386.026,0.37366247
dalle3,E:\437 project\dataset\train\fake\fake_27712_DALLE3.jpg,0.5726174,12.044852,1,103.3595,98.7305,80.35278,3535.8674,3270.1907,2916.6062,-0.3060634
dalle3,E:\437 project\dataset\train\fake\fake_04420_DALLE3.jpg,0.5848453,10.868352,1,171.76955,161.4964,148.22664,2064.8132,2906.286,3704.4546,0.2799406
dalle3,E:\437 project\dataset\train\fake\fake_13942_DALLE3.jpg,0.5536505,11.997675,1,133.75786,117.294174,100.32709,3401.7024,3225.436,2985.5562,0.2072401
dalle3,E:\437 project\dataset\train\fake\fake_01018_DALLE3.jpg,0.615923,15.491907,1,116.43492,92.94418,81.458405,3038.0566,3599.804,3615.9639,0.88318586
dalle3,E:\437 project\dataset\train\fake\fake_15910_DALLE3.jpg,0.52280116,20.894926,1,223.60696,194.91667,180.86469,1575.0581,4714.066,6853.0303,0.721086
dalle3,E:\437 project\dataset\train\fake\fake_04102_DALLE3.jpg,0.52013576,14.151917,1,144.66882,114.606445,90.58952,4936.2314,4672.674,3486.9011,-0.4061494
dalle3,E:\437 project\dataset\train\fake\fake_04456_DALLE3.jpg,0.6081524,24.431938,1,103.8336,105.035324,102.11325,6132.4336,5631.0205,4745.768,0.24902153
dalle3,E:\437 project\dataset\train\fake\fake_12796_DALLE3.jpg,0.47555763,13.600633,1,158.22258,128.79001,92.94563,4690.497,4065.8936,3555.6357,-0.03355503
dalle3,E:\437 project\dataset\train\fake\fake_07054_DALLE3.jpg,0.63673633,14.71713,1,158.78505,135.02405,115.68924,2591.2334,3077.3591,3392.2615,-0.055280685
dalle3,E:\437 project\dataset\train\fake\fake_02362_DALLE3.jpg,0.6381745,17.191345,1,95.261856,83.57141,72.861694,3527.3828,3166.975,2896.9387,0.28781414
dalle3,E:\437 project\dataset\train\fake\fake_05824_DALLE3.jpg,0.38539785,12.649504,1,106.487015,96.5182,93.59219,4316.447,3967.848,3589.2756,0.032241583
dalle3,E:\437 project\dataset\train\fake\fake_33646_DALLE3.jpg,0.4700257,13.573312,1,151.42773,143.17363,126.62724,4264.66,4275.782,4355.7114,0.2139597
dalle3,E:\437 project\dataset\train\fake\fake_32416_DALLE3.jpg,0.50490326,14.157868,1,137.02663,136.78116,111.94963,4396.8877,3842.4321,2995.1104,0.21033955
dalle3,E:\437 project\dataset\train\fake\fake_23968_DALLE3.jpg,0.57578784,20.99766,1,134.9812,114.97249,105.03084,6289.073,5839.9,4976.3706,0.073521614
dalle3,E:\437 project\dataset\train\fake\fake_29512_DALLE3.jpg,0.8723407,25.67251,1,127.000626,139.77692,140.93217,4066.3792,3199.6792,2458.6917,2.913807
dalle3,E:\437 project\dataset\train\fake\fake_08278_DALLE3.jpg,0.50755817,9.816217,1,176.31741,178.60959,178.56152,2209.8962,2389.843,2622.063,-0.49862027
dalle3,E:\437 project\dataset\train\fake\fake_33568_DALLE3.jpg,0.4284055,10.87112,1,106.52498,94.804474,96.35031,4009.7,4127.746,4260.055,-0.014214039
dalle3,E:\437 project\dataset\train\fake\fake_30934_DALLE3.jpg,0.579177,15.702362,1,145.82358,109.697174,83.17238,3912.1892,3474.8752,3174.4177,-0.17000628
dalle3,E:\437 project\dataset\train\fake\fake_26194_DALLE3.jpg,0.60344964,15.004948,1,88.401764,68.39072,47.60341,2764.0225,2798.4968,1827.7695,-0.2033596
dalle3,E:\437 project\dataset\train\fake\fake_01078_DALLE3.jpg,0.5456062,15.864213,1,135.45709,131.12044,118.56734,5277.798,4639.0513,4519.0947,-0.043465614
dalle3,E:\437 project\dataset\train\fake\fake_15478_DALLE3.jpg,0.5761491,17.977186,1,128.44547,91.58377,53.88037,4772.62,4187.5273,2842.2595,-0.013766766
dalle3,E:\437 project\dataset\train\fake\fake_39418_DALLE3.jpg,0.5024651,9.984324,1,176.55418,171.6102,159.07472,2250.307,2647.0312,3152.944,0.2748127
dalle3,E:\437 project\dataset\train\fake\fake_10102_DALLE3.jpg,0.5487723,14.191434,1,71.63431,50.153976,52.584198,4188.811,1846.045,1360.0579,0.43205094
dalle3,E:\437 project\dataset\train\fake\fake_09400_DALLE3.jpg,0.4945809,16.705378,1,137.33789,106.717026,77.15102,5226.8647,4574.6445,3684.9827,-0.1311593
dalle3,E:\437 project\dataset\train\fake\fake_41896_DALLE3.jpg,0.6053941,10.707299,1,131.859,121.372665,60.24472,3580.3225,3031.9282,2590.0737,0.12873888
dalle3,E:\437 project\dataset\train\fake\fake_32674_DALLE3.jpg,0.38691714,10.849546,1,137.4828,126.89404,117.81604,3453.624,3783.2705,4378.312,-0.34654045
dalle3,E:\437 project\dataset\train\fake\fake_06652_DALLE3.jpg,0.52771604,14.657643,1,146.95837,106.383316,79.32045,3684.5205,3850.1648,2963.0625,-0.62501335
dalle3,E:\437 project\dataset\train\fake\fake_18766_DALLE3.jpg,0.700178,18.731241,1,141.84225,157.0947,156.86143,3798.7798,2214.4255,1576.6775,-0.36533403
dalle3,E:\437 project\dataset\train\fake\fake_39166_DALLE3.jpg,0.4225369,14.672341,1,113.82727,112.09366,105.46907,4787.5283,4186.6084,3253.427,-0.20009422
dalle3,E:\437 project\dataset\train\fake\fake_27208_DALLE3.jpg,0.48886177,10.808473,1,103.31189,106.87866,99.49829,3561.5718,3700.3643,3590.3674,-0.2503767
dalle3,E:\437 project\dataset\train\fake\fake_28900_DALLE3.jpg,0.68260545,16.360033,1,131.19867,122.217285,115.09892,5226.366,4350.794,3488.9495,0.059903145
midjourney,E:\437 project\dataset\train\fake\fake_08045_Midjourney.jpg,0.3591558,7.8653827,1,59.56743,77.98132,82.58287,877.6745,1494.8599,1671.6942,-0.012094498
midjourney,E:\437 project\dataset\train\fake\fake_34271_Midjourney.jpg,0.29975,14.952643,1,168.76779,143.46378,110.46626,3239.4028,2547.522,1356.1837,0.3009417
midjourney,E:\437 project\dataset\train\fake\fake_36251_Midjourney.jpg,0.34919092,12.2801695,1,89.92644,84.72426,81.35251,4295.793,3984.2517,4836.916,-0.21275496
midjourney,E:\437 project\dataset\train\fake\fake_00227_Midjourney.jpg,0.2443115,4.83413,1,53.859055,62.17241,65.45239,762.44037,1001.2991,1144.4067,0.06408101
midjourney,E:\437 project\dataset\train\fake\fake_34019_Midjourney.jpg,0.42618343,10.486892,1,114.3353,111.61377,93.45653,2181.4502,2140.9805,1514.8296,-0.01356554
midjourney,E:\437 project\dataset\train\fake\fake_00611_Midjourney.jpg,0.21918477,7.398544,1,123.6707,105.06723,71.31691,6480.331,4665.064,1698.6084,0.17360187
midjourney,E:\437 project\dataset\train\fake\fake_37937_Midjourney.jpg,0.30634186,10.30642,1,114.82088,122.168076,118.43906,4466.7305,4234.0386,3220.411,-0.23604083
midjourney,E:\437 project\dataset\train\fake\fake_14543_Midjourney.jpg,0.28213537,10.163129,1,127.77063,137.96202,120.09549,2164.3435,2452.3635,4755.454,0.046653748
midjourney,E:\437 project\dataset\train\fake\fake_13133_Midjourney.jpg,0.26602808,10.317072,1,137.55382,161.9304,124.39726,4262.997,3869.1736,7224.0034,0.231565
midjourney,E:\437 project\dataset\train\fake\fake_06281_Midjourney.jpg,0.23500547,11.4020195,1,63.071,64.75369,53.974106,3507.0437,2794.9578,2346.0989,0.37801957
midjourney,E:\437 project\dataset\train\fake\fake_25559_Midjourney.jpg,0.23606874,10.454577,1,184.98495,172.68184,158.22319,3279.7715,5769.7256,6582.347,0.18028355
midjourney,E:\437 project\dataset\train\fake\fake_24473_Midjourney.jpg,0.24725677,12.950256,1,137.682,119.74623,98.332306,4138.407,4033.5955,4394.7144,0.1934743
midjourney,E:\437 project\dataset\train\fake\fake_00797_Midjourney.jpg,0.28965166,7.530748,1,115.33003,95.024185,78.03227,3302.1707,3101.5852,3376.9224,-0.30470765
midjourney,E:\437 project\dataset\train\fake\fake_06473_Midjourney.jpg,0.20978023,12.091671,1,106.37709,106.70752,84.42586,8912.804,8063.535,5719.1836,0.14792287
midjourney,E:\437 project\dataset\train\fake\fake_11543_Midjourney.jpg,0.29046884,8.417199,1,114.73155,123.25444,138.0808,4930.918,4370.3174,4141.8174,0.24792576
midjourney,E:\437 project\dataset\train\fake\fake_03869_Midjourney.jpg,0.43390977,12.589854,1,107.03566,90.23801,72.38948,3610.0654,3576.623,3279.7832,-0.21589327
midjourney,E:\437 project\dataset\train\fake\fake_30251_Midjourney.jpg,0.2787202,8.549007,1,105.89938,99.25656,82.60092,2228.8674,2047.946,1635.253,-0.07832384
midjourney,E:\437 project\dataset\train\fake\fake_13181_Midjourney.jpg,0.35384125,11.640614,1,88.05203,80.27913,62.46666,3468.6414,2598.9194,2207.8953,-0.2074461
midjourney,E:\437 project\dataset\train\fake\fake_25031_Midjourney.jpg,0.27687222,8.741509,1,80.96307,63.591965,37.118927,3854.0476,2029.9818,801.5892,0.044801712
midjourney,E:\437 project\dataset\train\fake\fake_36953_Midjourney.jpg,0.21435773,5.0812793,1,110.288284,108.70949,99.13193,3553.739,2732.7366,2005.0184,-0.009642124
midjourney,E:\437 project\dataset\train\fake\fake_33917_Midjourney.jpg,0.29552624,11.250025,1,61.939224,52.108948,32.617493,2082.1094,1612.3215,717.60333,-0.055948257
midjourney,E:\437 project\dataset\train\fake\fake_35783_Midjourney.jpg,0.35512453,8.77227,1,151.4986,138.88435,109.58006,3505.5771,3752.5635,3977.1414,-0.20179892
midjourney,E:\437 project\dataset\train\fake\fake_23951_Midjourney.jpg,0.3058647,6.7406144,1,88.252045,61.42958,42.703583,3758.418,2426.1055,1848.1667,0.07511401
midjourney,E:\437 project\dataset\train\fake\fake_05783_Midjourney.jpg,0.28946596,11.970723,1,96.50368,124.157974,102.347824,4064.1836,5159.108,3640.6467,-0.44480753
midjourney,E:\437 project\dataset\train\fake\fake_23987_Midjourney.jpg,0.30535477,8.954526,1,109.980896,91.487,70.29947,4029.1992,2875.5679,2253.5034,-0.10283184
midjourney,E:\437 project\dataset\train\fake\fake_12143_Midjourney.jpg,0.24936315,5.5224276,1,129.8794,110.17821,90.2247,3509.0623,3873.1248,3877.8765,-0.12429643
midjourney,E:\437 project\dataset\train\fake\fake_16931_Midjourney.jpg,0.27050957,10.476494,1,45.467453,76.67496,73.981415,1952.3032,4718.3696,4123.8945,-0.2832389
midjourney,E:\437 project\dataset\train\fake\fake_38219_Midjourney.jpg,0.27453732,15.429873,1,143.33638,135.05809,132.3112,5080.8003,4914.578,4963.725,-0.10621166
midjourney,E:\437 project\dataset\train\fake\fake_10517_Midjourney.jpg,0.20358218,8.142258,1,81.658936,87.92775,90.384766,3796.4807,3688.3179,4701.32,0.04576564
midjourney,E:\437 project\dataset\train\fake\fake_39791_Midjourney.jpg,0.3317388,15.621926,1,104.087326,103.91675,103.77371,6665.745,6665.349,6617.5757,0.39058352
midjourney,E:\437 project\dataset\train\fake\fake_06977_Midjourney.jpg,0.22441237,9.3563385,1,105.49762,86.325165,65.39578,5079.2603,4567.976,3109.183,-0.5287266
midjourney,E:\437 project\dataset\train\fake\fake_34187_Midjourney.jpg,0.27453223,7.7029767,1,126.969055,118.56531,108.58948,3392.735,3697.2244,4048.1963,-0.5671983
midjourney,E:\437 project\dataset\train\fake\fake_21653_Midjourney.jpg,0.23529719,10.193188,1,73.30032,67.50575,57.512955,1497.367,1273.324,1097.4153,0.0019768476
midjourney,E:\437 project\dataset\train\fake\fake_16607_Midjourney.jpg,0.40658325,12.37174,1,124.82295,107.878174,86.70651,3925.1895,4479.724,4580.2397,0.34687996
midjourney,E:\437 project\dataset\train\fake\fake_39449_Midjourney.jpg,0.23279259,11.496579,1,181.92688,182.04822,181.98796,4857.2056,4873.025,4864.3867,-0.37178636
midjourney,E:\437 project\dataset\train\fake\fake_08393_Midjourney.jpg,0.35938033,11.953796,1,125.08246,134.583,134.49113,4616.0835,3865.7852,4293.4214,0.38607383
midjourney,E:\437 project\dataset\train\fake\fake_28739_Midjourney.jpg,0.29977337,7.8684072,1,97.081726,98.99463,94.173965,5076.598,5028.612,4523.65,0.20316827
midjourney,E:\437 project\dataset\train\fake\fake_01385_Midjourney.jpg,0.4048383,9.20971,1,183.1434,185.41153,185.6872,1551.6688,1618.8528,1731.0808,0.22318435
midjourney,E:\437 project\dataset\train\fake\fake_18275_Midjourney.jpg,0.2970878,7.865358,1,163.81355,169.60635,150.6516,2159.567,2112.355,1278.4469,-0.33753324
midjourney,E:\437 project\dataset\train\fake\fake_35693_Midjourney.jpg,0.38266188,7.7976255,1,61.69391,61.142883,60.382935,1834.963,1282.6683,1293.4813,0.0003836155
midjourney,E:\437 project\dataset\train\fake\fake_06503_Midjourney.jpg,0.23776102,10.319175,1,128.71945,104.62552,86.384125,3038.5396,4412.685,5444.173,-0.059081554
midjourney,E:\437 project\dataset\train\fake\fake_12791_Midjourney.jpg,0.2709815,14.827055,1,138.1995,138.14801,137.93808,7931.704,7932.184,7937.1226,-0.3394308
midjourney,E:\437 project\dataset\train\fake\fake_13385_Midjourney.jpg,0.4196512,12.809199,1,78.1557,87.92993,84.77487,2062.6843,1574.8933,1854.2914,0.11410618
midjourney,E:\437 project\dataset\train\fake\fake_37361_Midjourney.jpg,0.27286223,13.879333,1,122.76578,111.912766,97.335526,4198.421,4275.9614,4830.088,0.078070164
midjourney,E:\437 project\dataset\train\fake\fake_08549_Midjourney.jpg,0.3560919,11.622497,1,175.54305,175.84927,176.41374,2854.9058,2840.166,2813.2573,-0.6532805
midjourney,E:\437 project\dataset\train\fake\fake_40919_Midjourney.jpg,0.2679407,8.943455,1,133.95157,145.5475,149.12733,4278.5366,2971.265,1974.183,0.1522659
midjourney,E:\437 project\dataset\train\fake\fake_29177_Midjourney.jpg,0.3437202,13.493723,1,97.76613,89.81535,75.989975,3738.8696,3705.0745,3801.6064,0.34373093
midjourney,E:\437 project\dataset\train\fake\fake_13685_Midjourney.jpg,0.37881088,8.687586,1,161.50629,151.21553,143.18274,2534.4229,2901.508,3241.7183,-0.0030682087
midjourney,E:\437 project\dataset\train\fake\fake_03227_Midjourney.jpg,0.289613,12.699804,1,63.427414,59.10695,55.030624,2413.679,2203.426,2144.851,-0.15153837
midjourney,E:\437 project\dataset\train\fake\fake_28775_Midjourney.jpg,0.33047938,8.450635,1,80.26172,52.78958,43.01793,2320.3354,1177.2107,723.3657,0.043762207
midjourney,E:\437 project\dataset\train\fake\fake_17621_Midjourney.jpg,0.2985085,8.115535,1,136.47789,133.068,133.0021,2337.261,2414.4727,2555.4683,-0.01972723
midjourney,E:\437 project\dataset\train\fake\fake_26777_Midjourney.jpg,0.37700853,10.488213,1,119.213135,119.64528,118.354904,5830.826,5882.444,5645.763,0.23504448
midjourney,E:\437 project\dataset\train\fake\fake_35255_Midjourney.jpg,0.30794,11.918611,1,77.91548,67.79854,40.997482,3411.7832,2991.183,1439.3999,0.03083229
midjourney,E:\437 project\dataset\train\fake\fake_37139_Midjourney.jpg,0.20203364,8.186033,1,54.16359,55.255234,58.313446,2585.2312,1566.1497,1326.961,0.2093507
midjourney,E:\437 project\dataset\train\fake\fake_02459_Midjourney.jpg,0.26372918,10.998649,1,100.855225,100.291245,93.21939,4828.5566,4306.4644,4313.2427,-0.016366243
midjourney,E:\437 project\dataset\train\fake\fake_24449_Midjourney.jpg,0.3529783,11.386088,1,78.238815,118.20062,132.69775,4645.5293,3909.3015,5582.8047,-0.07109666
midjourney,E:\437 project\dataset\train\fake\fake_01475_Midjourney.jpg,0.36384273,18.190441,1,74.681885,74.5746,74.56464,3254.2512,3251.8623,3252.0735,0.21739578
midjourney,E:\437 project\dataset\train\fake\fake_13019_Midjourney.jpg,0.26701427,8.728478,1,113.39549,120.79855,111.17186,3559.6138,3355.8843,3615.7014,0.17640018
midjourney,E:\437 project\dataset\train\fake\fake_15893_Midjourney.jpg,0.46936113,13.731324,1,101.16426,81.3837,70.96257,2875.9597,2857.8787,2533.7542,-0.072265625
midjourney,E:\437 project\dataset\train\fake\fake_11207_Midjourney.jpg,0.24941248,9.172249,1,114.88188,104.72568,91.42062,5770.2236,4641.76,3853.2239,0.0038985014
midjourney,E:\437 project\dataset\train\fake\fake_41675_Midjourney.jpg,0.24956949,13.220331,1,108.23146,109.65021,100.186905,5328.036,4690.6895,3800.1765,-0.0018110275
midjourney,E:\437 project\dataset\train\fake\fake_04529_Midjourney.jpg,0.3504837,12.4197235,1,44.613266,45.317932,52.707474,2512.111,1637.3563,1521.9197,0.13612103
midjourney,E:\437 project\dataset\train\fake\fake_35795_Midjourney.jpg,0.29650968,13.811023,1,173.2742,169.54544,140.31683,4882.422,4333.3384,2895.9036,0.0394063
midjourney,E:\437 project\dataset\train\fake\fake_27317_Midjourney.jpg,0.24013819,8.43485,1,78.93828,69.671295,58.780655,2473.043,2075.8218,1578.1256,0.11426473
midjourney,E:\437 project\dataset\train\fake\fake_28727_Midjourney.jpg,0.27878636,9.6247,1,124.217224,118.872406,96.52304,2927.8936,2594.0989,3063.4827,-0.03921175
midjourney,E:\437 project\dataset\train\fake\fake_03029_Midjourney.jpg,0.3104051,11.531901,1,117.19322,98.705475,86.697845,4693.0513,4238.3076,4486.7524,0.40368485
midjourney,E:\437 project\dataset\train\fake\fake_35381_Midjourney.jpg,0.27843434,8.744263,1,115.1313,89.09505,64.1644,3286.1016,3712.9458,3848.3455,0.096461535
midjourney,E:\437 project\dataset\train\fake\fake_34943_Midjourney.jpg,0.25366983,6.584652,1,112.49068,134.26897,135.07,2963.8835,2323.8093,2375.0168,0.18541443
midjourney,E:\437 project\dataset\train\fake\fake_26429_Midjourney.jpg,0.28532773,8.390439,1,132.4325,113.67404,120.57904,3852.8904,2387.4202,1273.9847,0.088730335
midjourney,E:\437 project\dataset\train\fake\fake_07373_Midjourney.jpg,0.25869864,8.371972,1,115.42325,103.595856,70.3723,3270.48,3138.4917,2743.4275,0.26255774
midjourney,E:\437 project\dataset\train\fake\fake_28661_Midjourney.jpg,0.37170178,7.3909545,1,95.62285,109.813385,106.8383,3564.1514,3545.8958,4112.0356,-0.029672384
midjourney,E:\437 project\dataset\train\fake\fake_23573_Midjourney.jpg,0.4235083,11.429402,1,81.0045,77.1006,71.834335,2073.9543,1760.5555,1627.4371,0.22335291
midjourney,E:\437 project\dataset\train\fake\fake_10427_Midjourney.jpg,0.23778665,10.009373,1,134.30327,140.67545,151.28082,3771.354,4678.802,5001.0366,0.067634344
midjourney,E:\437 project\dataset\train\fake\fake_02825_Midjourney.jpg,0.3289645,9.8385315,1,154.42647,117.127945,95.64195,1443.7382,5065.3984,3645.3518,-0.010954142
midjourney,E:\437 project\dataset\train\fake\fake_02633_Midjourney.jpg,0.33300275,11.481307,1,79.16684,96.04813,87.203995,2378.2441,2736.6372,2851.5098,0.1855762
midjourney,E:\437 project\dataset\train\fake\fake_30455_Midjourney.jpg,0.3987111,14.667614,1,67.152374,69.87697,40.654907,2563.0771,2337.4292,1228.8619,-0.025823593
midjourney,E:\437 project\dataset\train\fake\fake_35945_Midjourney.jpg,0.26229563,10.140061,1,113.300644,99.64162,86.4388,4577.9185,3577.8218,2776.814,0.030237436
midjourney,E:\437 project\dataset\train\fake\fake_10007_Midjourney.jpg,0.31524986,10.519384,1,136.0708,123.83052,107.125305,3977.2163,4068.3835,3380.9863,0.04024434
midjourney,E:\437 project\dataset\train\fake\fake_38273_Midjourney.jpg,0.30329454,10.651299,1,138.01042,129.36917,118.5621,2578.3823,3468.0676,3831.461,0.00037169456
midjourney,E:\437 project\dataset\train\fake\fake_26759_Midjourney.jpg,0.25001067,7.6183634,1,37.146362,76.284744,102.34201,1034.2247,2429.52,3518.7993,0.11198115
midjourney,E:\437 project\dataset\train\fake\fake_10805_Midjourney.jpg,0.28048155,6.630588,1,116.00566,114.311264,92.6725,2387.039,1942.4996,1112.6818,0.24181819
midjourney,E:\437 project\dataset\train\fake\fake_26855_Midjourney.jpg,0.2727607,8.635364,1,105.35271,93.32893,80.39284,3533.886,4046.5784,3670.4453,0.23157716
midjourney,E:\437 project\dataset\train\fake\fake_34061_Midjourney.jpg,0.3665543,12.003981,1,85.1479,102.63286,87.20322,4256.271,3358.5676,3232.0337,0.17355132
midjourney,E:\437 project\dataset\train\fake\fake_15755_Midjourney.jpg,0.33397692,11.109711,1,64.94101,69.94638,72.747086,1475.6028,1710.1844,1929.2711,-0.25301743
midjourney,E:\437 project\dataset\train\fake\fake_27215_Midjourney.jpg,0.22809169,8.370998,1,84.96686,79.90219,78.19307,4298.9756,4068.4895,4387.9297,-0.48362637
midjourney,E:\437 project\dataset\train\fake\fake_01439_Midjourney.jpg,0.30214772,13.788727,1,83.72238,87.18883,76.58348,5095.315,5166.6455,4224.274,0.13939953
midjourney,E:\437 project\dataset\train\fake\fake_41339_Midjourney.jpg,0.29172918,8.994444,1,123.6322,102.634384,75.73686,2230.5383,2068.1282,1284.6943,0.18314147
midjourney,E:\437 project\dataset\train\fake\fake_41369_Midjourney.jpg,0.28763774,7.858853,1,94.3716,79.90318,68.3139,3235.5786,2690.373,2411.948,-0.36015868
midjourney,E:\437 project\dataset\train\fake\fake_29861_Midjourney.jpg,0.24674961,11.796602,1,111.34183,92.53638,76.20068,4331.366,3633.6877,3485.7466,0.04306078
midjourney,E:\437 project\dataset\train\fake\fake_09971_Midjourney.jpg,0.30935934,8.085755,1,75.15933,66.3728,51.028015,2693.685,1518.2306,920.6284,0.12797642
midjourney,E:\437 project\dataset\train\fake\fake_12953_Midjourney.jpg,0.421706,11.989593,1,114.68527,122.428986,128.32254,2517.0547,2960.719,3825.8486,-0.11010218
midjourney,E:\437 project\dataset\train\fake\fake_11327_Midjourney.jpg,0.39595017,11.466336,1,130.019,128.39645,112.78261,3361.0173,4122.4966,5451.45,0.48628426
midjourney,E:\437 project\dataset\train\fake\fake_06257_Midjourney.jpg,0.27144438,6.3767204,1,141.60826,130.46782,115.84265,1603.5059,2077.8784,2431.9875,-0.24554741
midjourney,E:\437 project\dataset\train\fake\fake_13691_Midjourney.jpg,0.29265544,11.848797,1,74.38031,70.148575,72.37125,3287.577,2727.5276,2392.392,0.4321649
midjourney,E:\437 project\dataset\train\fake\fake_05609_Midjourney.jpg,0.30235302,11.868252,1,116.82178,104.76137,89.28821,4245.663,4297.5264,4219.823,-0.30215454
midjourney,E:\437 project\dataset\train\fake\fake_25667_Midjourney.jpg,0.25054017,6.070107,1,158.02103,132.76767,101.9736,1031.8827,1618.096,2119.3887,-0.124261856
midjourney,E:\437 project\dataset\train\fake\fake_09635_Midjourney.jpg,0.34267026,11.173058,1,129.62227,115.461624,102.493256,3609.3665,3231.1797,3193.581,-0.13731217
midjourney,E:\437 project\dataset\train\fake\fake_24983_Midjourney.jpg,0.31675434,14.326172,1,92.413376,95.15361,95.70793,3212.2617,3138.693,3161.0627,0.029537678
midjourney,E:\437 project\dataset\train\fake\fake_04469_Midjourney.jpg,0.3932527,10.946492,1,102.56325,95.40936,81.98543,2838.7124,2473.1538,2269.8418,0.014941454
midjourney,E:\437 project\dataset\train\fake\fake_34781_Midjourney.jpg,0.36573738,14.142799,1,143.13715,132.23123,124.04562,3870.9019,4749.7666,5346.018,-0.25271225
midjourney,E:\437 project\dataset\train\fake\fake_38153_Midjourney.jpg,0.20273277,7.692694,1,168.90408,190.44485,167.20172,3988.515,2599.476,1669.9121,0.13697416
midjourney,E:\437 project\dataset\train\fake\fake_26633_Midjourney.jpg,0.3442269,10.192888,1,157.80696,151.19173,126.4039,1881.4247,1989.2521,2400.6482,-0.680388
midjourney,E:\437 project\dataset\train\fake\fake_04193_Midjourney.jpg,0.3956211,8.679417,1,114.938934,93.098145,81.63966,1621.8096,1317.6139,1275.495,-0.24829507
midjourney,E:\437 project\dataset\train\fake\fake_21401_Midjourney.jpg,0.334686,9.948968,1,88.13426,85.30597,78.49013,3282.773,3552.4023,3352.2407,-0.05021906
midjourney,E:\437 project\dataset\train\fake\fake_10565_Midjourney.jpg,0.34030324,14.080343,1,78.35243,86.6561,77.11992,4262.062,3957.8503,3669.709,0.09624624
midjourney,E:\437 project\dataset\train\fake\fake_17507_Midjourney.jpg,0.27939484,10.989047,1,106.39818,106.6474,92.82858,3958.008,3582.0737,4389.3345,0.008285522
midjourney,E:\437 project\dataset\train\fake\fake_04499_Midjourney.jpg,0.39667943,14.603226,1,85.46385,82.248566,55.135483,3714.2356,3375.0422,1823.5851,0.402668
midjourney,E:\437 project\dataset\train\fake\fake_35969_Midjourney.jpg,0.30833542,12.662027,1,143.4872,158.72182,179.27939,2923.4343,3511.8755,4327.101,0.023411274
midjourney,E:\437 project\dataset\train\fake\fake_06305_Midjourney.jpg,0.29981074,10.459929,1,84.555145,80.603546,77.77391,1950.9944,2105.3916,2328.4165,-0.34102964
midjourney,E:\437 project\dataset\train\fake\fake_08273_Midjourney.jpg,0.27148363,10.405902,1,111.79094,99.63771,68.42206,3159.01,2925.3093,2366.6665,0.04983759
midjourney,E:\437 project\dataset\train\fake\fake_20201_Midjourney.jpg,0.31388333,9.427078,1,66.70627,72.28696,72.760544,3345.748,3681.6758,3895.4702,-0.056262255
midjourney,E:\437 project\dataset\train\fake\fake_20099_Midjourney.jpg,0.36305678,8.701825,1,76.35219,87.75424,65.05902,2858.59,3116.7146,2349.175,0.028812408
midjourney,E:\437 project\dataset\train\fake\fake_11561_Midjourney.jpg,0.37631765,11.772606,1,127.252914,130.91527,126.924286,2415.8467,2360.123,2782.2422,0.10646057
midjourney,E:\437 project\dataset\train\fake\fake_38591_Midjourney.jpg,0.2537461,12.805955,1,165.6986,161.73013,159.14214,5104.673,5461.7876,5792.242,-0.012377977
midjourney,E:\437 project\dataset\train\fake\fake_27917_Midjourney.jpg,0.23851982,11.536704,1,116.6644,111.714935,110.12015,4107.403,4708.6313,4156.4805,-0.103913784
midjourney,E:\437 project\dataset\train\fake\fake_37877_Midjourney.jpg,0.29090995,17.25975,1,139.74858,146.94894,147.7779,3864.4236,4464.689,5055.488,0.0822587
midjourney,E:\437 project\dataset\train\fake\fake_37823_Midjourney.jpg,0.26077518,8.848668,1,85.42618,79.40326,73.7307,2376.3618,2654.344,2459.627,0.116909266
midjourney,E:\437 project\dataset\train\fake\fake_02297_Midjourney.jpg,0.27335003,7.804624,1,139.23946,133.95592,126.249405,2015.5696,2049.9438,2066.0464,-0.18232524
midjourney,E:\437 project\dataset\train\fake\fake_08105_Midjourney.jpg,0.3130333,11.501191,1,89.59375,90.81085,91.51425,4552.9927,4309.853,4100.168,0.16583991
midjourney,E:\437 project\dataset\train\fake\fake_01403_Midjourney.jpg,0.22002818,8.272591,1,114.74855,100.82413,74.993484,4823.8203,3605.7488,3390.54,0.025360584
midjourney,E:\437 project\dataset\train\fake\fake_08561_Midjourney.jpg,0.27236348,9.067514,1,105.29463,82.87445,52.28711,2855.2097,2211.529,1128.1276,0.12582254
midjourney,E:\437 project\dataset\train\fake\fake_18209_Midjourney.jpg,0.18359675,8.231907,1,129.75735,125.57114,118.854324,4021.6501,3961.606,4321.5054,-0.031357646
midjourney,E:\437 project\dataset\train\fake\fake_24563_Midjourney.jpg,0.34824193,14.254523,1,94.30501,94.322876,94.23982,5675.969,5676.853,5678.9214,0.37204123
midjourney,E:\437 project\dataset\train\fake\fake_19679_Midjourney.jpg,0.27705157,12.737262,1,111.1685,104.032745,98.57265,3827.985,3415.486,3409.8455,0.032732487
midjourney,E:\437 project\dataset\train\fake\fake_35387_Midjourney.jpg,0.28384414,13.338308,1,149.49896,149.47177,149.35727,6014.037,6021.789,6025.816,-0.15509653
midjourney,E:\437 project\dataset\train\fake\fake_21035_Midjourney.jpg,0.27359727,11.799363,1,79.69035,79.6926,64.52911,3383.6885,3829.7278,2837.2686,-0.029671192
midjourney,E:\437 project\dataset\train\fake\fake_41789_Midjourney.jpg,0.29632327,10.836644,1,121.52359,106.06804,90.010925,3249.656,3442.7104,3408.9998,-0.21218777
midjourney,E:\437 project\dataset\train\fake\fake_00479_Midjourney.jpg,0.40657803,12.650335,1,120.80414,127.67592,97.28017,3688.9932,3515.0747,4587.948,0.117388725
midjourney,E:\437 project\dataset\train\fake\fake_08825_Midjourney.jpg,0.35559943,9.221944,1,77.57803,98.76082,72.52768,2671.1765,4100.192,3083.2385,-0.04950142
midjourney,E:\437 project\dataset\train\fake\fake_01583_Midjourney.jpg,0.2894562,7.8495235,1,127.83067,130.09698,104.55887,2900.8337,2832.7485,2685.1956,-0.7545831
midjourney,E:\437 project\dataset\train\fake\fake_24827_Midjourney.jpg,0.31782514,12.974133,1,116.64392,126.4162,118.550446,3599.9417,3502.1143,3835.9548,0.080789804
midjourney,E:\437 project\dataset\train\fake\fake_18131_Midjourney.jpg,0.31884566,6.872913,1,48.134903,52.252075,52.755325,1013.0952,862.11017,626.12555,0.13553905
midjourney,E:\437 project\dataset\train\fake\fake_39491_Midjourney.jpg,0.30523276,7.8515882,1,153.32297,172.68163,164.2982,4330.3667,4437.424,3824.725,0.020980537
midjourney,E:\437 project\dataset\train\fake\fake_16235_Midjourney.jpg,0.2604766,7.9408884,1,105.03148,102.19774,94.77406,1972.1136,1495.3282,1563.884,-0.41982973
midjourney,E:\437 project\dataset\train\fake\fake_21467_Midjourney.jpg,0.22210251,10.95768,1,98.98036,78.446335,60.124268,5887.4634,4700.44,4385.7065,0.13464832
midjourney,E:\437 project\dataset\train\fake\fake_26831_Midjourney.jpg,0.2930261,10.701643,1,105.36589,93.78781,82.24921,3339.2944,3002.415,2931.0198,0.17120576
midjourney,E:\437 project\dataset\train\fake\fake_12155_Midjourney.jpg,0.2545505,5.1942487,1,156.44682,152.70502,151.11404,1652.1115,1608.7142,1628.4924,0.05488324
midjourney,E:\437 project\dataset\train\fake\fake_38453_Midjourney.jpg,0.28885117,13.102189,1,132.77808,127.8712,125.69966,2975.4968,2939.2778,3243.386,0.1391697
midjourney,E:\437 project\dataset\train\fake\fake_16403_Midjourney.jpg,0.29654834,13.52762,1,145.93857,140.64474,134.80394,4511.5264,5355.835,5524.005,0.1600089
midjourney,E:\437 project\dataset\train\fake\fake_15143_Midjourney.jpg,0.29393926,9.705044,1,120.124985,143.62048,146.86148,3197.5732,3092.0532,4052.1064,0.23803353
midjourney,E:\437 project\dataset\train\fake\fake_02819_Midjourney.jpg,0.32517108,9.048932,1,130.15291,153.56477,85.234314,2529.1372,2299.0425,3848.3584,0.12828326
midjourney,E:\437 project\dataset\train\fake\fake_17723_Midjourney.jpg,0.24130586,10.435995,1,101.35602,93.94731,85.99112,3521.0364,3386.2898,3267.6367,0.32323813
midjourney,E:\437 project\dataset\train\fake\fake_02369_Midjourney.jpg,0.3701255,4.5063605,1,81.15585,90.02989,96.570465,2104.0193,1184.4492,750.87555,-0.097602844
midjourney,E:\437 project\dataset\train\fake\fake_37385_Midjourney.jpg,0.23222649,7.184956,1,109.97127,92.18855,77.024185,3435.6577,3154.0032,3168.7314,-0.033783436
midjourney,E:\437 project\dataset\train\fake\fake_07043_Midjourney.jpg,0.47080842,15.294961,1,130.06482,116.96506,114.611145,3588.3928,3601.8591,3709.6816,0.85881567
midjourney,E:\437 project\dataset\train\fake\fake_25763_Midjourney.jpg,0.43423295,14.838112,1,125.627014,136.2146,136.03482,3116.284,3177.2651,3796.286,-0.5493393
midjourney,E:\437 project\dataset\train\fake\fake_37079_Midjourney.jpg,0.3428052,10.199277,1,92.69928,91.79019,84.967255,4084.9602,3933.1475,3231.3193,0.10659337
midjourney,E:\437 project\dataset\train\fake\fake_22697_Midjourney.jpg,0.41388395,11.515479,1,68.24864,84.6508,54.540146,1987.5249,2404.3457,1561.2565,-0.12117815
midjourney,E:\437 project\dataset\train\fake\fake_39371_Midjourney.jpg,0.32023787,13.218035,1,76.06172,74.99693,68.93538,3301.8467,3823.0837,3402.3826,0.18303919
midjourney,E:\437 project\dataset\train\fake\fake_17075_Midjourney.jpg,0.22219267,6.763763,1,122.99446,116.87674,95.34497,2587.972,2703.1353,2514.2385,0.0421046
midjourney,E:\437 project\dataset\train\fake\fake_33725_Midjourney.jpg,0.35721377,12.25598,1,111.26459,116.84412,93.45087,4950.801,4225.9585,4111.1963,0.1478777
midjourney,E:\437 project\dataset\train\fake\fake_02621_Midjourney.jpg,0.23858118,6.8850746,1,216.12585,217.64069,210.83047,764.2152,970.04205,1824.4384,0.36143136
midjourney,E:\437 project\dataset\train\fake\fake_14873_Midjourney.jpg,0.2891064,9.2525425,1,164.85098,169.29042,121.431564,3091.086,2266.4412,2345.1023,0.07496619
midjourney,E:\437 project\dataset\train\fake\fake_27689_Midjourney.jpg,0.3317173,6.021875,1,57.373627,25.873154,30.11493,3528.3606,212.03314,253.93805,-0.037065983
midjourney,E:\437 project\dataset\train\fake\fake_39179_Midjourney.jpg,0.38932726,16.699785,1,88.82997,81.36403,64.86212,4343.349,3295.7732,2245.4834,-0.021109104
midjourney,E:\437 project\dataset\train\fake\fake_24431_Midjourney.jpg,0.2660681,8.110236,1,148.32903,142.16591,135.9901,1811.3705,2137.3362,2445.3,-0.09490085
midjourney,E:\437 project\dataset\train\fake\fake_21311_Midjourney.jpg,0.3091015,12.109863,1,94.267426,116.697815,107.73511,4720.6064,3015.0562,8412.026,-0.005024433
midjourney,E:\437 project\dataset\train\fake\fake_13823_Midjourney.jpg,0.30164653,12.169934,1,125.664536,113.57797,117.85487,5195.5234,3415.4617,2426.298,0.06547618
midjourney,E:\437 project\dataset\train\fake\fake_12221_Midjourney.jpg,0.33523497,8.429989,1,82.7717,67.54324,64.47423,3081.9512,1821.951,1457.4247,0.05007291
midjourney,E:\437 project\dataset\train\fake\fake_31655_Midjourney.jpg,0.20575657,5.756326,1,108.21503,100.474594,82.14424,3295.203,3324.471,2843.0996,-0.47302663
midjourney,E:\437 project\dataset\train\fake\fake_11909_Midjourney.jpg,0.30533344,8.540737,1,145.96843,106.880615,73.1436,4368.0054,2616.9595,3510.4858,-0.03015542
midjourney,E:\437 project\dataset\train\fake\fake_34331_Midjourney.jpg,0.30231702,7.6332746,1,92.02098,90.47623,72.649506,1865.0101,2403.1428,2603.8535,-0.052013636
midjourney,E:\437 project\dataset\train\fake\fake_20465_Midjourney.jpg,0.33492726,5.9467597,1,98.87155,73.163025,58.225113,2604.0542,877.6668,771.68713,0.21202964
midjourney,E:\437 project\dataset\train\fake\fake_16703_Midjourney.jpg,0.29313838,7.9836583,1,167.8851,148.80516,128.44565,1614.0144,1527.0988,1761.4541,0.28714108
midjourney,E:\437 project\dataset\train\fake\fake_32591_Midjourney.jpg,0.2961622,8.9664755,1,101.17026,123.40726,139.17838,3266.0693,4019.9558,4741.3794,0.20462084
midjourney,E:\437 project\dataset\train\fake\fake_11249_Midjourney.jpg,0.2964422,9.621904,1,122.54936,115.9722,105.71808,4216.5522,4331.5796,4492.3364,0.2968254
midjourney,E:\437 project\dataset\train\fake\fake_24821_Midjourney.jpg,0.3063445,7.6098666,1,135.06631,112.910736,82.25331,2226.1917,2173.186,2188.3445,0.118207216
midjourney,E:\437 project\dataset\train\fake\fake_32771_Midjourney.jpg,0.2879127,10.943573,1,134.82826,121.659744,109.02191,4649.721,3799.0857,3383.6348,0.30557537
midjourney,E:\437 project\dataset\train\fake\fake_08663_Midjourney.jpg,0.2733913,11.874445,1,137.92738,143.94228,136.68408,3915.6367,4430.4414,3592.8564,-0.22780919
midjourney,E:\437 project\dataset\train\fake\fake_41747_Midjourney.jpg,0.3426836,13.035591,1,107.273605,108.44382,113.747345,3308.924,3606.1233,4068.568,-0.04060173
midjourney,E:\437 project\dataset\train\fake\fake_11045_Midjourney.jpg,0.3867347,11.445995,1,128.32935,118.11119,117.79442,2667.4336,2176.0437,2115.9692,-0.9717374
midjourney,E:\437 project\dataset\train\fake\fake_01067_Midjourney.jpg,0.34873012,9.374234,1,114.66217,108.48526,97.45262,2084.8838,2995.719,3543.8135,0.9961622
midjourney,E:\437 project\dataset\train\fake\fake_15149_Midjourney.jpg,0.26779884,7.0006647,1,140.30676,112.43599,78.17798,2442.4893,2675.4543,2395.1863,0.11931896
midjourney,E:\437 project\dataset\train\fake\fake_18269_Midjourney.jpg,0.3155123,13.81637,1,57.28064,38.716156,22.503021,3218.546,1973.3019,1281.8771,-0.046571255
midjourney,E:\437 project\dataset\train\fake\fake_30941_Midjourney.jpg,0.28601274,9.470344,1,128.32642,124.02492,116.3911,2296.034,2822.4648,3771.2734,0.40272474
midjourney,E:\437 project\dataset\train\fake\fake_09251_Midjourney.jpg,0.35741746,10.113739,1,115.83833,99.010345,78.43071,3636.1091,3281.221,3387.222,-0.15715075
midjourney,E:\437 project\dataset\train\fake\fake_05921_Midjourney.jpg,0.2847504,7.1327906,1,66.09868,67.63054,66.615036,2264.6711,2494.189,2664.2346,0.13361883
midjourney,E:\437 project\dataset\train\fake\fake_18551_Midjourney.jpg,0.2685279,6.458293,1,120.168045,111.617676,107.03017,6040.1787,6536.9287,6988.6,-0.118425846
midjourney,E:\437 project\dataset\train\fake\fake_18995_Midjourney.jpg,0.2382205,9.565103,1,84.23143,92.47858,80.49538,3836.8508,4692.51,2861.8567,0.27922273
midjourney,E:\437 project\dataset\train\fake\fake_19253_Midjourney.jpg,0.23948589,9.793073,1,106.261536,98.04094,87.9592,3353.9731,3867.0466,4511.2563,0.1493504
midjourney,E:\437 project\dataset\train\fake\fake_31907_Midjourney.jpg,0.3869419,11.310091,1,101.887314,111.20134,115.087616,3580.3333,3332.969,3381.8557,-0.2213943
midjourney,E:\437 project\dataset\train\fake\fake_13853_Midjourney.jpg,0.3610246,8.032124,1,146.66908,122.66673,83.84436,1927.0691,1479.93,2138.2017,-0.29476094
midjourney,E:\437 project\dataset\train\fake\fake_11315_Midjourney.jpg,0.30235958,9.216615,1,129.72505,110.47211,82.84761,3777.267,3127.8904,3431.789,0.40568018
midjourney,E:\437 project\dataset\train\fake\fake_21089_Midjourney.jpg,0.2644524,14.371878,1,56.07689,46.577377,33.736496,4973.408,4065.877,2763.364,0.28163075
midjourney,E:\437 project\dataset\train\fake\fake_04433_Midjourney.jpg,0.3552178,11.801277,1,106.67474,81.45964,67.578735,4134.167,2552.2095,1940.8083,0.40198588
midjourney,E:\437 project\dataset\train\fake\fake_09305_Midjourney.jpg,0.2779588,12.519635,1,176.80423,176.79482,176.79932,8208.579,8212.221,8210.275,-1.9584436
midjourney,E:\437 project\dataset\train\fake\fake_22799_Midjourney.jpg,0.33453473,10.143719,1,78.96149,77.916916,73.40648,2770.6433,2871.7546,2938.6338,0.038246155
midjourney,E:\437 project\dataset\train\fake\fake_35657_Midjourney.jpg,0.31699356,12.640106,1,97.15881,97.41113,89.387436,5154.434,4281.0537,4153.021,-0.24153376
midjourney,E:\437 project\dataset\train\fake\fake_24017_Midjourney.jpg,0.26806042,7.202899,1,96.427444,148.66249,164.39365,3341.8425,1374.5616,1259.1123,-0.013140678
midjourney,E:\437 project\dataset\train\fake\fake_27371_Midjourney.jpg,0.26523986,7.856773,1,98.47505,93.74298,84.86832,2145.5796,1976.6573,1827.4365,-0.031819344
midjourney,E:\437 project\dataset\train\fake\fake_02987_Midjourney.jpg,0.33785033,12.46134,1,139.46477,136.83543,132.06392,4081.7805,4209.856,4270.256,-0.15899682
midjourney,E:\437 project\dataset\train\fake\fake_13829_Midjourney.jpg,0.29856154,13.707155,1,56.177017,73.19754,69.61392,5248.783,4376.929,3419.595,-0.43348885
midjourney,E:\437 project\dataset\train\fake\fake_13037_Midjourney.jpg,0.3963079,11.094251,1,119.32933,133.85646,137.80621,3748.7058,3742.562,4870.6753,-0.19166899
midjourney,E:\437 project\dataset\train\fake\fake_40769_Midjourney.jpg,0.37577325,8.478137,1,160.0718,144.9584,134.27469,1676.7975,2517.6267,3110.4756,0.13741302
midjourney,E:\437 project\dataset\train\fake\fake_10415_Midjourney.jpg,0.3774358,8.639084,1,78.05626,78.26576,79.68739,2859.0251,2604.5303,1552.8641,0.06811607
midjourney,E:\437 project\dataset\train\fake\fake_03245_Midjourney.jpg,0.25680634,7.6758056,1,127.024216,115.29527,108.714325,3320.3982,1923.2085,2777.554,-0.06149769
midjourney,E:\437 project\dataset\train\fake\fake_24191_Midjourney.jpg,0.40196598,9.745131,1,72.55867,100.535645,62.182465,1181.8143,1884.166,862.3977,-0.68302536
midjourney,E:\437 project\dataset\train\fake\fake_41717_Midjourney.jpg,0.3068073,11.469411,1,111.71562,150.30336,154.83707,3012.8635,3035.6384,5508.6064,-0.30223894
midjourney,E:\437 project\dataset\train\fake\fake_14477_Midjourney.jpg,0.46119368,10.766841,1,103.60469,96.661224,71.8806,2779.9,2234.381,2304.0469,0.25510168
midjourney,E:\437 project\dataset\train\fake\fake_26051_Midjourney.jpg,0.27459076,5.0465546,1,145.28972,165.12283,112.25319,1223.0535,2095.4648,4614.132,0.0252347
midjourney,E:\437 project\dataset\train\fake\fake_18509_Midjourney.jpg,0.25735837,8.902942,1,83.56134,58.198532,39.20053,4305.6367,2132.2712,1250.9667,0.15221024
midjourney,E:\437 project\dataset\train\fake\fake_17351_Midjourney.jpg,0.36633593,10.301708,1,86.34102,78.77324,58.813446,2764.4663,2130.5881,1811.8616,0.13416982
midjourney,E:\437 project\dataset\train\fake\fake_12449_Midjourney.jpg,0.39255062,9.619547,1,76.29312,73.55812,59.73947,3066.9248,2305.782,1763.6438,0.035876513
midjourney,E:\437 project\dataset\train\fake\fake_08519_Midjourney.jpg,0.34679595,10.287853,1,103.7834,81.449036,55.235367,2836.8933,2621.6907,1711.7211,0.06640005
midjourney,E:\437 project\dataset\train\fake\fake_35003_Midjourney.jpg,0.23304148,6.3384547,1,36.26361,47.90828,58.580368,1170.6246,1048.1282,945.74335,-0.103532195
midjourney,E:\437 project\dataset\train\fake\fake_31151_Midjourney.jpg,0.30656785,12.957358,1,122.063354,122.25195,114.9624,3976.754,3963.4355,4463.555,-0.03960824
midjourney,E:\437 project\dataset\train\fake\fake_24839_Midjourney.jpg,0.35792533,7.9557595,1,115.11235,110.5632,105.46507,2987.5527,3636.3975,4684.38,-0.04906988
midjourney,E:\437 project\dataset\train\fake\fake_09893_Midjourney.jpg,0.28655422,11.493093,1,120.31874,104.83624,96.248184,4850.2764,4885.688,4580.7056,0.19092393
midjourney,E:\437 project\dataset\train\fake\fake_39131_Midjourney.jpg,0.32044047,15.385797,1,77.1322,73.87744,76.147095,2978.4482,2897.9353,3027.4084,-0.1937828
midjourney,E:\437 project\dataset\train\fake\fake_13103_Midjourney.jpg,0.24335504,4.286112,1,17.977371,38.75119,54.57231,1495.6527,1218.5332,1710.485,0.16702282
midjourney,E:\437 project\dataset\train\fake\fake_15515_Midjourney.jpg,0.38277596,11.405801,1,108.749695,92.171936,75.251724,3107.7397,2928.1655,2745.1443,0.44389296
midjourney,E:\437 project\dataset\train\fake\fake_22247_Midjourney.jpg,0.2581113,9.517779,1,79.48784,80.22568,72.71106,3970.19,3334.249,2785.101,-0.13309002
midjourney,E:\437 project\dataset\train\fake\fake_06311_Midjourney.jpg,0.23946302,5.549419,1,76.7159,72.692154,61.68405,1515.7906,1175.0753,883.2188,-0.046238422
midjourney,E:\437 project\dataset\train\fake\fake_10061_Midjourney.jpg,0.27072167,7.4251547,1,156.3875,191.37827,174.56613,1934.8494,1535.2805,4523.285,0.14802349
midjourney,E:\437 project\dataset\train\fake\fake_34913_Midjourney.jpg,0.24242279,8.493728,1,120.966965,142.89304,113.275055,6975.1187,7910.5483,5083.1196,-0.13667119
midjourney,E:\437 project\dataset\train\fake\fake_38231_Midjourney.jpg,0.26716268,11.112264,1,103.6198,85.10388,66.30646,3459.2754,3171.7832,2871.7524,0.972728
midjourney,E:\437 project\dataset\train\fake\fake_19763_Midjourney.jpg,0.276494,7.502419,1,98.87967,99.5314,83.79469,2784.1648,2703.2039,2118.6338,-0.07442021
midjourney,E:\437 project\dataset\train\fake\fake_15785_Midjourney.jpg,0.23739403,10.234273,1,107.57643,85.62959,126.069305,3908.578,4061.661,4033.4346,-0.028705835
midjourney,E:\437 project\dataset\train\fake\fake_23363_Midjourney.jpg,0.24314596,9.144949,1,98.11296,90.33107,82.33411,2647.6868,2462.003,2269.8062,0.26129293
midjourney,E:\437 project\dataset\train\fake\fake_04421_Midjourney.jpg,0.25359052,7.6969995,1,160.29437,147.43047,131.41838,2375.5073,2732.6223,3237.2976,0.15102959
midjourney,E:\437 project\dataset\train\fake\fake_06371_Midjourney.jpg,0.19318,6.687613,1,128.87202,114.33594,99.896576,2302.347,2862.6326,3719.405,0.23978996
midjourney,E:\437 project\dataset\train\fake\fake_28877_Midjourney.jpg,0.40400496,11.629164,1,93.93855,79.171875,53.169235,3719.3926,2907.533,2030.1329,0.23016119
midjourney,E:\437 project\dataset\train\fake\fake_01307_Midjourney.jpg,0.28293124,11.001233,1,82.3306,81.00893,54.948654,2226.1392,1481.9264,1360.8326,-0.08809757
midjourney,E:\437 project\dataset\train\fake\fake_03275_Midjourney.jpg,0.33896166,14.873508,1,89.67215,105.760864,104.06848,3906.2397,3504.6965,3306.2168,0.09407306
midjourney,E:\437 project\dataset\train\fake\fake_17555_Midjourney.jpg,0.25414187,10.075728,1,46.60724,41.016937,88.79782,2761.0164,1235.8398,3109.5618,-0.046798468
midjourney,E:\437 project\dataset\train\fake\fake_32951_Midjourney.jpg,0.3024347,11.709976,1,86.61531,89.84819,85.7993,1748.1299,1704.8103,2028.4601,-0.08763409
midjourney,E:\437 project\dataset\train\fake\fake_31163_Midjourney.jpg,0.26180053,12.679105,1,107.998825,93.40903,83.5968,3398.5981,3853.7961,3866.0542,-0.10048509
midjourney,E:\437 project\dataset\train\fake\fake_30635_Midjourney.jpg,0.30501813,4.4181075,1,54.838974,73.16261,77.30858,3462.882,1938.193,1279.7411,0.020849466
midjourney,E:\437 project\dataset\train\fake\fake_07121_Midjourney.jpg,0.33656996,11.396561,1,54.971527,82.83717,61.398163,3351.408,2984.74,1832.2646,-0.7284131
midjourney,E:\437 project\dataset\train\fake\fake_13757_Midjourney.jpg,0.3336722,5.428999,1,115.15167,109.44321,97.78134,1563.2319,1991.5154,2246.1472,0.050941765
midjourney,E:\437 project\dataset\train\fake\fake_20993_Midjourney.jpg,0.30573133,7.1179304,1,121.33914,106.26622,84.10133,1753.0757,1790.4784,1778.2479,0.14367938
midjourney,E:\437 project\dataset\train\fake\fake_08573_Midjourney.jpg,0.26679707,10.992865,1,132.04654,117.79805,105.563644,5818.971,5884.5923,6176.2456,-0.22307324
midjourney,E:\437 project\dataset\train\fake\fake_36929_Midjourney.jpg,0.29035127,7.427996,1,70.78435,56.32315,41.905823,2923.293,2096.0374,1432.5571,0.328969
midjourney,E:\437 project\dataset\train\fake\fake_05015_Midjourney.jpg,0.28476122,9.106197,1,88.5206,79.21814,70.69769,2766.2456,2187.9138,1882.0612,-0.63705873
midjourney,E:\437 project\dataset\train\fake\fake_26765_Midjourney.jpg,0.34511113,11.848687,1,105.75018,88.62692,67.2596,3027.1506,2748.674,1399.897,0.06938887
midjourney,E:\437 project\dataset\train\fake\fake_01115_Midjourney.jpg,0.2699874,12.013588,1,121.67619,105.40755,98.06503,4345.47,4736.44,4972.7524,0.46557212
midjourney,E:\437 project\dataset\train\fake\fake_41045_Midjourney.jpg,0.32039812,8.028139,1,90.56061,68.1156,62.80063,4926.2114,2608.2527,1753.7234,-0.15809858
midjourney,E:\437 project\dataset\train\fake\fake_16631_Midjourney.jpg,0.35477942,9.756512,1,130.31845,134.68819,125.228165,2350.7197,2550.6726,3379.5981,-0.25455832
midjourney,E:\437 project\dataset\train\fake\fake_06359_Midjourney.jpg,0.22603683,9.80325,1,167.34747,156.08559,146.25656,2296.329,2818.0461,3484.2454,0.061442852
midjourney,E:\437 project\dataset\train\fake\fake_40439_Midjourney.jpg,0.26378864,12.797028,1,78.51352,79.427124,80.13666,6817.392,6926.6787,6990.1455,-0.15377283
midjourney,E:\437 project\dataset\train\fake\fake_34169_Midjourney.jpg,0.3198109,11.033025,1,139.6541,169.27888,169.63374,3166.0784,3754.7422,3430.9219,0.49189425
midjourney,E:\437 project\dataset\train\fake\fake_40217_Midjourney.jpg,0.26800257,9.9346695,1,156.71573,144.81558,136.1475,6000.439,6998.8667,7586.5884,0.15100718
midjourney,E:\437 project\dataset\train\fake\fake_10769_Midjourney.jpg,0.28207058,10.129696,1,169.29544,182.96873,186.28593,1407.5725,2584.0715,3811.9001,0.20238042
midjourney,E:\437 project\dataset\train\fake\fake_04289_Midjourney.jpg,0.27797258,8.851718,1,84.008484,96.7738,107.47804,3698.2212,3777.058,4585.8613,-0.06418705
midjourney,E:\437 project\dataset\train\fake\fake_23807_Midjourney.jpg,0.39105013,13.921674,1,76.96329,88.76471,72.96045,4556.244,5556.634,4113.559,0.31429625
midjourney,E:\437 project\dataset\train\fake\fake_03281_Midjourney.jpg,0.3096036,4.079081,1,89.96396,107.49188,91.402054,742.79486,425.21762,185.36798,-0.045577765
midjourney,E:\437 project\dataset\train\fake\fake_04415_Midjourney.jpg,0.2768978,9.318827,1,66.801285,56.535767,46.796417,2999.275,2414.0237,1846.4523,0.34336662
midjourney,E:\437 project\dataset\train\fake\fake_13847_Midjourney.jpg,0.33858654,7.545536,1,58.810562,70.57904,73.81595,2185.0688,2026.6011,1906.5354,-0.010451317
midjourney,E:\437 project\dataset\train\fake\fake_06041_Midjourney.jpg,0.29267958,10.603211,1,132.14476,134.39056,135.20172,2747.3337,3704.9607,5213.515,0.22161841
midjourney,E:\437 project\dataset\train\fake\fake_00305_Midjourney.jpg,0.35091257,11.644543,1,137.20749,116.66678,104.85564,3397.2175,3684.6086,3416.2542,-0.21137524
midjourney,E:\437 project\dataset\train\fake\fake_01019_Midjourney.jpg,0.30440277,11.786145,1,111.20038,100.16011,87.209274,6184.4736,6142.1016,5610.1,0.09195137
midjourney,E:\437 project\dataset\train\fake\fake_03077_Midjourney.jpg,0.36433214,8.136915,1,38.298996,45.630127,50.155136,1173.3566,1180.7208,1322.7941,0.30056047
midjourney,E:\437 project\dataset\train\fake\fake_40193_Midjourney.jpg,0.33479422,14.54773,1,154.2787,157.9198,141.40826,3654.3325,4113.1763,3311.5952,-0.4995451
midjourney,E:\437 project\dataset\train\fake\fake_14675_Midjourney.jpg,0.3901312,5.7544384,1,136.36324,136.09947,119.36302,3053.3633,4063.8376,5993.3438,-0.09815383
midjourney,E:\437 project\dataset\train\fake\fake_40295_Midjourney.jpg,0.33718604,13.338888,1,103.49547,99.13612,92.98854,3352.0735,3870.8179,3159.0054,-0.37477374
midjourney,E:\437 project\dataset\train\fake\fake_37145_Midjourney.jpg,0.321447,13.316049,1,49.661713,116.29776,124.7419,3095.896,2951.5742,3938.202,0.12523878
midjourney,E:\437 project\dataset\train\fake\fake_33827_Midjourney.jpg,0.3287434,8.551694,1,165.87315,155.02785,145.771,2578.2163,3771.0427,4872.2666,0.064805984
midjourney,E:\437 project\dataset\train\fake\fake_13673_Midjourney.jpg,0.3205305,11.060132,1,150.77922,131.4172,93.15781,6403.96,3020.3474,2711.0122,0.1748991
midjourney,E:\437 project\dataset\train\fake\fake_11189_Midjourney.jpg,0.24922141,8.66389,1,105.94501,92.13812,75.57381,2615.7124,2807.7874,2608.2112,0.2998457
midjourney,E:\437 project\dataset\train\fake\fake_40355_Midjourney.jpg,0.31909144,12.512145,1,89.274506,112.581314,120.38794,4719.022,3173.7312,3430.3542,0.04263878
midjourney,E:\437 project\dataset\train\fake\fake_39977_Midjourney.jpg,0.34523934,11.015539,1,96.3689,85.07059,71.22792,3006.5378,2837.2322,2492.1924,0.25908756
midjourney,E:\437 project\dataset\train\fake\fake_25025_Midjourney.jpg,0.25666663,9.028174,1,78.17499,75.0448,42.401443,3537.254,2397.3198,1011.84186,0.15390062
midjourney,E:\437 project\dataset\train\fake\fake_11759_Midjourney.jpg,0.41425714,12.177815,1,144.5826,143.83647,128.70695,4520.522,4522.868,6156.898,-0.17387533
midjourney,E:\437 project\dataset\train\fake\fake_36587_Midjourney.jpg,0.33473772,8.857707,1,125.26965,106.41614,65.00061,4718.4116,3788.26,3312.0422,-0.035181284
midjourney,E:\437 project\dataset\train\fake\fake_09527_Midjourney.jpg,0.36114424,7.161361,1,130.99745,92.58176,61.12599,2827.4548,1617.8479,2382.9045,0.34957385
midjourney,E:\437 project\dataset\train\fake\fake_09377_Midjourney.jpg,0.33244926,5.9334755,1,192.63745,187.69519,189.89287,3347.4795,3118.955,3585.9514,-0.03692293
midjourney,E:\437 project\dataset\train\fake\fake_10247_Midjourney.jpg,0.3260318,8.403221,1,111.8087,83.48547,74.455826,1380.4263,1569.1243,1529.308,0.09244943
midjourney,E:\437 project\dataset\train\fake\fake_01079_Midjourney.jpg,0.2509462,9.448789,1,146.6096,136.84688,118.613144,4337.859,3593.5862,2496.9465,-0.0677402
midjourney,E:\437 project\dataset\train\fake\fake_30179_Midjourney.jpg,0.2495023,6.1389236,1,100.18297,90.68025,79.76581,3914.3738,2707.226,2080.503,0.016402245
midjourney,E:\437 project\dataset\train\fake\fake_32663_Midjourney.jpg,0.2215115,12.298788,1,85.08946,109.51764,104.06923,4202.209,5811.271,7660.277,0.2259605
midjourney,E:\437 project\dataset\train\fake\fake_15185_Midjourney.jpg,0.32034034,6.677122,1,56.799927,71.5284,66.58533,2671.8853,2829.9075,2509.287,-0.022882462
midjourney,E:\437 project\dataset\train\fake\fake_15287_Midjourney.jpg,0.26866522,10.728593,1,110.43262,102.49498,89.22867,4776.2715,4673.755,3357.5967,-0.06347704
midjourney,E:\437 project\dataset\train\fake\fake_33125_Midjourney.jpg,0.41820112,9.516532,1,103.023834,101.95387,98.4626,1413.5664,1833.888,2511.365,-0.5641742
midjourney,E:\437 project\dataset\train\fake\fake_22265_Midjourney.jpg,0.27332923,9.111019,1,125.90436,73.47865,66.34932,5325.5073,3246.0386,3152.773,0.045758486
midjourney,E:\437 project\dataset\train\fake\fake_10409_Midjourney.jpg,0.26883554,6.883502,1,128.13824,121.93161,132.13086,2949.0713,4278.004,4960.9746,0.06834495
midjourney,E:\437 project\dataset\train\fake\fake_36437_Midjourney.jpg,0.3518357,7.444844,1,122.94725,134.58908,129.50566,4556.9365,4799.6504,5532.0234,0.07109451
midjourney,E:\437 project\dataset\train\fake\fake_20021_Midjourney.jpg,0.2927336,13.266765,1,55.54692,48.005905,35.077164,3645.2825,2737.1885,1628.2799,-0.18353152
midjourney,E:\437 project\dataset\train\fake\fake_06947_Midjourney.jpg,0.340788,8.055533,1,72.12837,67.08215,50.70273,1880.3157,1681.3898,1055.2327,0.25203252
midjourney,E:\437 project\dataset\train\fake\fake_01013_Midjourney.jpg,0.23696792,12.084046,1,107.36714,107.32274,107.30887,5991.089,5991.4263,5990.758,-0.12651968
midjourney,E:\437 project\dataset\train\fake\fake_06275_Midjourney.jpg,0.40236488,7.168529,1,115.1615,116.166504,110.93112,2091.3052,2042.7434,1597.286,0.0806129
midjourney,E:\437 project\dataset\train\fake\fake_36695_Midjourney.jpg,0.2837286,9.700814,1,86.98625,90.79469,70.12862,2430.1665,1404.7471,1266.837,0.18813705
midjourney,E:\437 project\dataset\train\fake\fake_19721_Midjourney.jpg,0.40225407,9.322758,1,114.21416,95.34926,59.341156,3310.5823,2557.8066,1375.3369,0.011090517
midjourney,E:\437 project\dataset\train\fake\fake_20459_Midjourney.jpg,0.2746178,12.811772,1,170.87996,166.67104,169.97314,4684.4023,6340.055,6196.5537,-0.10121751
midjourney,E:\437 project\dataset\train\fake\fake_23309_Midjourney.jpg,0.35976666,14.333607,1,212.68756,210.72865,183.81409,945.192,1052.8563,1057.6047,0.065060616
midjourney,E:\437 project\dataset\train\fake\fake_20765_Midjourney.jpg,0.37569773,12.5204115,1,87.2894,95.22139,96.56213,3968.895,3285.5056,3508.915,-0.08860874
midjourney,E:\437 project\dataset\train\fake\fake_21749_Midjourney.jpg,0.19706957,8.201923,1,165.02037,153.0796,139.98372,3250.716,4181.9565,5529.99,-0.30694127
midjourney,E:\437 project\dataset\train\fake\fake_19067_Midjourney.jpg,0.30566508,11.366006,1,142.31404,131.5305,117.313065,2925.1648,3173.3108,3452.9658,0.21842027
midjourney,E:\437 project\dataset\train\fake\fake_35855_Midjourney.jpg,0.39821407,12.646634,1,144.60036,141.90622,123.3374,2926.1787,2840.4365,2114.4104,-1.07863
midjourney,E:\437 project\dataset\train\fake\fake_35825_Midjourney.jpg,0.24992637,12.409724,1,143.16399,139.34102,132.05254,7838.695,8142.8984,8534.356,0.1639452
midjourney,E:\437 project\dataset\train\fake\fake_20981_Midjourney.jpg,0.38383627,11.340586,1,67.992615,64.89903,55.92206,4255.113,2735.942,1941.3484,0.30709004
midjourney,E:\437 project\dataset\train\fake\fake_29189_Midjourney.jpg,0.23139602,11.819196,1,79.85692,93.36069,88.614136,5347.0654,4719.5825,4906.1753,0.343261
midjourney,E:\437 project\dataset\train\fake\fake_04253_Midjourney.jpg,0.31940165,13.137563,1,150.9345,154.1365,145.11453,3859.4702,4414.1704,5919.882,-0.07220411
midjourney,E:\437 project\dataset\train\fake\fake_29129_Midjourney.jpg,0.27366272,11.215265,1,105.6814,97.00847,86.770935,3635.2903,3267.9702,4091.1055,-0.48144722
midjourney,E:\437 project\dataset\train\fake\fake_29837_Midjourney.jpg,0.38559327,8.251695,1,156.9756,155.57408,131.56921,2862.7495,1641.1204,1552.5226,-0.10453546
midjourney,E:\437 project\dataset\train\fake\fake_38573_Midjourney.jpg,0.33817092,11.80312,1,102.9317,102.00163,90.31117,5016.427,4882.4385,5572.983,0.2212944
midjourney,E:\437 project\dataset\train\fake\fake_33899_Midjourney.jpg,0.3504016,6.581872,1,162.63425,162.8175,154.95518,816.3315,1286.2947,1891.6189,0.5864817
midjourney,E:\437 project\dataset\train\fake\fake_17207_Midjourney.jpg,0.26805392,13.603565,1,193.78885,196.1664,181.7239,1252.2168,1618.3018,1610.5197,-0.11790633
midjourney,E:\437 project\dataset\train\fake\fake_25805_Midjourney.jpg,0.31097567,10.225778,1,145.18599,132.14125,108.37846,4640.0493,4164.0044,2849.7014,-0.0731895
midjourney,E:\437 project\dataset\train\fake\fake_26417_Midjourney.jpg,0.28694284,13.004071,1,90.01085,85.935165,72.222916,3802.4626,2876.8186,2013.5516,-0.28087473
midjourney,E:\437 project\dataset\train\fake\fake_33935_Midjourney.jpg,0.36344463,14.8725195,1,150.30692,142.41917,128.07288,3373.0718,3303.6516,3010.5413,0.3655262
real,E:\437 project\dataset\train\real\real_39000.jpg,0.6078061,10.872429,0,131.93692,122.61752,112.27817,2294.7332,2427.5422,2892.3706,0.20256734
real,E:\437 project\dataset\train\real\real_17664.jpg,0.5639718,14.824684,0,104.57207,104.79306,105.103,4568.3853,4248.7017,4280.808,-0.30009508
real,E:\437 project\dataset\train\real\real_12144.jpg,0.5805226,14.245878,0,68.79295,71.00255,66.59126,2801.812,2477.8704,2336.0664,0.25933218
real,E:\437 project\dataset\train\real\real_01578.jpg,0.72667134,7.7145424,0,152.45535,153.83417,148.09314,1150.6835,1130.1196,1324.4795,-0.37820244
real,E:\437 project\dataset\train\real\real_26100.jpg,0.606955,10.944358,0,140.49644,75.8633,40.35646,4786.9287,2841.2434,1582.5671,-0.040474176
real,E:\437 project\dataset\train\real\real_20544.jpg,0.60485286,22.96127,0,111.73189,103.5934,100.38599,5209.4927,4752.888,4887.8506,0.3700781
real,E:\437 project\dataset\train\real\real_40488.jpg,0.5226412,7.86384,0,121.28305,122.18886,121.50523,2081.4526,1942.0713,2179.8452,-0.33010113
real,E:\437 project\dataset\train\real\real_37290.jpg,0.4157527,15.926462,0,163.46326,97.72806,51.91359,3541.5225,4350.951,3824.6409,0.53746843
real,E:\437 project\dataset\train\real\real_38172.jpg,0.6116894,8.094385,0,48.2202,36.77333,41.038254,1443.6193,760.5476,922.46924,0.18222034
real,E:\437 project\dataset\train\real\real_33534.jpg,0.74850357,13.893172,0,83.49635,65.82477,50.373657,1980.4237,1977.9209,1690.1959,-0.098620415
real,E:\437 project\dataset\train\real\real_00792.jpg,0.42497393,10.958871,0,110.635925,104.76659,105.05678,2779.5642,2494.2947,2770.495,0.08376002
real,E:\437 project\dataset\train\real\real_38436.jpg,0.28274313,6.2244973,0,95.91237,78.49388,47.835663,3099.8428,2381.4453,1443.9679,-0.075341105
real,E:\437 project\dataset\train\real\real_25674.jpg,0.8225891,12.946463,0,138.55225,141.87445,41.03682,2772.2412,1828.7196,2048.3672,0.10347462
real,E:\437 project\dataset\train\real\real_14388.jpg,0.5836275,10.923879,0,142.9665,139.64543,125.31683,2244.325,1857.4067,1773.0051,0.07786155
real,E:\437 project\dataset\train\real\real_34272.jpg,0.70750636,20.25469,0,80.53041,82.88606,78.144104,3308.7002,3271.252,3433.1875,0.28564644
real,E:\437 project\dataset\train\real\real_19524.jpg,0.60798913,15.101139,0,104.593414,124.28699,128.42238,2000.7278,2818.2737,4499.4546,-0.13047338
real,E:\437 project\dataset\train\real\real_36156.jpg,0.4880264,12.293392,0,126.80614,127.65933,133.17706,4295.245,4150.536,4195.3496,0.10539508
real,E:\437 project\dataset\train\real\real_13584.jpg,0.5786028,20.505676,0,74.47557,72.02365,69.67813,4573.6226,4357.224,4254.103,-1.7990518
real,E:\437 project\dataset\train\real\real_11646.jpg,0.5229014,10.117911,0,133.97899,147.57433,147.71538,2271.5322,2073.161,4023.97,0.13264334
real,E:\437 project\dataset\train\real\real_04578.jpg,0.42794588,6.1994944,0,95.65611,59.527756,34.59984,1899.1118,1662.2952,1092.9772,-0.06495094
real,E:\437 project\dataset\train\real\real_19056.jpg,0.5734845,14.658805,0,136.04791,128.81786,119.15068,4974.527,5547.357,5444.4346,0.08802557
real,E:\437 project\dataset\train\real\real_18270.jpg,0.9041238,19.990562,0,126.13603,111.76343,87.13185,3057.3906,3113.8918,3824.9082,0.07222748
real,E:\437 project\dataset\train\real\real_18384.jpg,0.8267158,12.8876,0,80.24489,95.579254,66.036835,2653.862,2302.5208,2249.0674,-0.15563107
real,E:\437 project\dataset\train\real\real_00606.jpg,0.48225555,13.038485,0,114.94609,129.12488,117.69687,2246.5427,3064.1912,2911.6462,0.20343304
real,E:\437 project\dataset\train\real\real_37422.jpg,0.6311483,10.271228,0,124.760864,119.88591,105.91655,2829.5156,2718.5947,3223.6343,-0.20944476
real,E:\437 project\dataset\train\real\real_08226.jpg,0.5933773,18.143219,0,79.21222,66.62474,49.25331,3638.9133,3192.115,2419.8606,-0.09056282
real,E:\437 project\dataset\train\real\real_03750.jpg,0.61620563,14.160216,0,137.83522,137.2194,143.28937,2495.3809,2301.0676,2387.7231,0.032479048
real,E:\437 project\dataset\train\real\real_23496.jpg,0.64421797,16.389326,0,121.706116,132.32841,117.82324,4100.963,5017.7866,6305.1807,-0.051928043
real,E:\437 project\dataset\train\real\real_06450.jpg,0.4672384,6.8055115,0,80.67404,151.58699,216.00038,297.67053,613.6349,1510.7211,0.07855344
real,E:\437 project\dataset\train\real\real_19536.jpg,0.5553594,15.179042,0,108.6028,117.582565,109.34796,4635.5864,4591.213,4322.345,0.3107195
real,E:\437 project\dataset\train\real\real_13896.jpg,0.40282327,11.363493,0,105.242966,112.32477,88.965805,3218.009,3414.809,3445.295,0.22594523
real,E:\437 project\dataset\train\real\real_03366.jpg,0.41817543,13.343049,0,94.2825,100.17462,77.364944,5355.694,4111.411,5114.3423,0.052441597
real,E:\437 project\dataset\train\real\real_32664.jpg,0.4777978,6.533254,0,116.06566,99.00079,67.42345,785.609,1010.1986,1568.2224,0.21537673
real,E:\437 project\dataset\train\real\real_30618.jpg,0.70497394,13.954185,0,55.6752,91.18669,126.57938,3353.1785,3120.0579,4835.588,0.10427427
real,E:\437 project\dataset\train\real\real_18042.jpg,0.4742703,9.27475,0,124.857605,122.24304,105.6416,2178.767,2666.8843,3201.0505,-0.023759604
real,E:\437 project\dataset\train\real\real_06690.jpg,0.5743471,10.034813,0,98.59439,77.37578,52.37993,2491.0125,2049.4849,1458.9707,-0.12989855
real,E:\437 project\dataset\train\real\real_23448.jpg,0.46377796,8.518581,0,121.27875,111.42421,101.100006,3103.0505,3603.2888,3732.8452,-0.09286332
real,E:\437 project\dataset\train\real\real_12918.jpg,0.68077,16.348001,0,138.65683,132.01355,120.568954,2982.9282,3224.3271,2994.6514,0.104867935
real,E:\437 project\dataset\train\real\real_37338.jpg,0.4941099,12.485402,0,143.27394,110.25612,82.08478,2922.6611,2500.5754,2377.04,0.59283614
real,E:\437 project\dataset\train\real\real_31746.jpg,0.72742933,13.751111,0,117.7952,119.16087,100.6346,2411.1155,2063.8086,2879.1177,-0.41518927
real,E:\437 project\dataset\train\real\real_21054.jpg,0.66029274,12.70403,0,95.690735,104.18657,105.68901,3670.2092,4107.3384,5018.676,0.25025177
real,E:\437 project\dataset\train\real\real_07722.jpg,0.3037155,2.8578606,0,115.52251,187.83656,248.79588,70.131775,71.073235,107.8642,-0.05455163
real,E:\437 project\dataset\train\real\real_01470.jpg,0.7184712,16.540699,0,115.55913,116.42714,108.86159,4350.8022,4339.5386,5996.398,0.14225721
real,E:\437 project\dataset\train\real\real_10770.jpg,0.5106729,11.936602,0,180.61638,110.55827,45.308563,2176.376,2103.7957,1785.2211,-0.38614082
real,E:\437 project\dataset\train\real\real_31518.jpg,0.5077103,18.487658,0,107.82114,102.58658,91.037674,5916.8164,6203.7974,6494.6807,-0.051445007
real,E:\437 project\dataset\train\real\real_18192.jpg,0.81938905,16.015945,0,116.397415,121.146454,116.37059,3052.0747,3222.183,3377.8018,-0.41198206
real,E:\437 project\dataset\train\real\real_17172.jpg,0.6189209,8.978743,0,117.27138,150.9401,167.26155,1366.8809,1101.6158,3936.0337,0.29976177
real,E:\437 project\dataset\train\real\real_16038.jpg,0.5750248,14.018073,0,85.54474,97.44829,91.28113,3198.4758,3773.7766,6129.5347,0.16116095
real,E:\437 project\dataset\train\real\real_35922.jpg,0.71883833,24.025698,0,119.9702,125.09668,125.67027,6521.155,6297.207,6106.1294,-0.16639519
real,E:\437 project\dataset\train\real\real_01062.jpg,0.43985423,7.045212,0,93.31857,107.05354,107.93251,3008.255,2631.9111,2752.8567,0.082641125
real,E:\437 project\dataset\train\real\real_38802.jpg,0.54649043,10.428773,0,125.77553,129.52846,116.4892,4542.912,4989.47,7032.213,0.085490465
real,E:\437 project\dataset\train\real\real_00222.jpg,0.5437628,11.986462,0,82.43712,82.43712,82.43712,5678.719,5678.719,5678.719,0.08445001
real,E:\437 project\dataset\train\real\real_20376.jpg,0.57344717,8.528093,0,108.02458,106.16846,103.042175,3170.4397,2816.202,2599.387,0.20324779
real,E:\437 project\dataset\train\real\real_22854.jpg,0.86960924,19.832193,0,118.93103,101.3797,84.86528,2655.167,2317.4585,2560.7537,0.43974972
real,E:\437 project\dataset\train\real\real_28248.jpg,0.4046282,11.675056,0,124.10477,122.23123,120.09415,6798.9907,6929.5483,7164.213,-0.14434266
real,E:\437 project\dataset\train\real\real_20196.jpg,0.71175253,14.554224,0,158.69774,143.12376,128.82428,3789.5137,4054.871,4742.3276,-0.013390541
real,E:\437 project\dataset\train\real\real_28032.jpg,0.62764996,14.61508,0,99.388214,115.41255,126.73796,2921.6362,1832.7482,2323.8472,0.22725725
real,E:\437 project\dataset\train\real\real_03510.jpg,0.56876266,15.867692,0,114.59827,106.082535,97.03557,5033.1685,4150.364,3680.7505,0.20387793
real,E:\437 project\dataset\train\real\real_08628.jpg,0.6862685,22.684477,0,84.36359,83.456055,80.424164,4469.1055,3582.0989,3310.5269,0.15868378
real,E:\437 project\dataset\train\real\real_06132.jpg,0.6057012,13.084766,0,172.44826,150.37648,134.28261,1482.0447,3423.2588,4800.368,-0.049576998
real,E:\437 project\dataset\train\real\real_03264.jpg,0.44947028,6.6322513,0,100.53262,100.53262,100.53262,2301.914,2301.914,2301.914,0.15393448
real,E:\437 project\dataset\train\real\real_23280.jpg,0.72851413,13.649988,0,138.66321,132.54793,117.55592,3321.426,3763.8928,5478.1694,0.29077578
real,E:\437 project\dataset\train\real\real_06444.jpg,0.5004727,14.119269,0,149.4539,122.93506,92.3687,4713.612,4461.656,4732.4907,-0.51283574
real,E:\437 project\dataset\train\real\real_23796.jpg,0.42788246,8.224445,0,127.335236,125.51213,121.32767,1760.754,1953.5406,2082.9358,0.27316308
real,E:\437 project\dataset\train\real\real_15294.jpg,0.7097335,16.021507,0,122.93112,121.03638,120.22708,2792.1904,2766.3997,2862.5579,0.020470142
real,E:\437 project\dataset\train\real\real_29562.jpg,0.75299484,14.26519,0,95.77782,95.77782,95.77782,2242.967,2242.967,2242.967,-0.41736174
real,E:\437 project\dataset\train\real\real_04512.jpg,0.55805516,15.993226,0,97.092026,111.73418,106.07625,3556.2476,3823.728,3898.47,0.057100773
real,E:\437 project\dataset\train\real\real_28872.jpg,0.44963366,11.812684,0,111.03061,118.57704,119.657364,5382.7363,5609.9785,5691.359,-0.18051958
real,E:\437 project\dataset\train\real\real_25818.jpg,0.5741625,9.856289,0,67.123474,100.99269,123.64946,1904.1785,4397.423,6719.948,-0.44491875
real,E:\437 project\dataset\train\real\real_29628.jpg,0.7753684,11.31039,0,53.2984,67.63948,87.66272,747.6009,830.55023,1244.7942,0.26314902
real,E:\437 project\dataset\train\real\real_20598.jpg,0.59814507,15.342068,0,86.94168,98.58101,109.29076,3410.1409,3609.3293,4971.227,-0.51146317
real,E:\437 project\dataset\train\real\real_09636.jpg,0.55577815,12.517127,0,71.7894,70.666565,67.66597,5285.616,5617.6436,6228.078,0.1520083
real,E:\437 project\dataset\train\real\real_23490.jpg,0.7255648,21.173206,0,90.99051,100.917175,91.96451,6175.717,6527.7666,7448.126,-0.41813087
real,E:\437 project\dataset\train\real\real_41778.jpg,0.36884278,5.2959433,0,141.24243,132.86682,113.596115,1633.6213,1636.4492,1478.9255,0.029430449
real,E:\437 project\dataset\train\real\real_39894.jpg,0.6428251,22.701601,0,94.61299,94.986984,99.82501,4430.0835,4022.0913,3725.064,0.1965704
real,E:\437 project\dataset\train\real\real_12702.jpg,0.7700302,16.701344,0,132.90779,141.82935,109.2682,4144.5737,3989.3809,2881.4348,0.040290356
real,E:\437 project\dataset\train\real\real_14640.jpg,0.32540935,9.455926,0,175.203,151.0337,141.51202,3949.2646,4368.1255,6898.903,0.2884748
real,E:\437 project\dataset\train\real\real_26058.jpg,0.540302,13.015735,0,118.05081,110.79588,102.6889,6014.5527,5690.9834,4827.219,-0.068903446
real,E:\437 project\dataset\train\real\real_11604.jpg,0.6007419,20.038942,0,132.50314,132.50314,132.50314,4029.778,4029.778,4029.778,0.9298215
real,E:\437 project\dataset\train\real\real_13194.jpg,0.57983345,17.726328,0,152.04967,157.19144,161.25484,4145.8926,4163.338,4974.3384,0.3730917
real,E:\437 project\dataset\train\real\real_00300.jpg,0.540554,15.37424,0,117.59117,112.38692,107.4962,4905.5737,5435.6504,3790.1458,0.15870428
real,E:\437 project\dataset\train\real\real_21834.jpg,0.49130905,14.950819,0,119.53134,90.09062,60.052917,4775.489,4451.5986,3853.535,-0.2878852
real,E:\437 project\dataset\train\real\real_28596.jpg,0.44449097,14.074812,0,144.8979,140.13434,125.94568,4257.452,4582.991,4868.497,0.15501595
real,E:\437 project\dataset\train\real\real_41712.jpg,0.679453,14.200136,0,85.71437,84.704636,83.616714,3044.8604,3394.4695,3319.7268,0.15943909
real,E:\437 project\dataset\train\real\real_17160.jpg,0.6665203,14.832717,0,119.596634,138.02155,159.83754,2140.2615,1980.6312,3203.4182,0.14746189
real,E:\437 project\dataset\train\real\real_18492.jpg,0.5583066,8.024015,0,146.45241,111.453476,80.49957,7581.2944,6495.3247,4231.526,0.008025885
real,E:\437 project\dataset\train\real\real_32598.jpg,0.6833423,17.62411,0,129.95117,115.34177,109.18645,5832.46,5709.8384,6494.198,-0.5685563
real,E:\437 project\dataset\train\real\real_02574.jpg,0.60677385,16.004154,0,128.76044,140.1102,139.62845,3323.8955,3459.0156,3254.859,-0.5536256
real,E:\437 project\dataset\train\real\real_41346.jpg,0.46598342,11.776244,0,108.64969,111.58612,90.59451,6502.9487,5888.4424,5473.7275,0.08725977
real,E:\437 project\dataset\train\real\real_24924.jpg,0.5930067,13.5699625,0,170.96408,138.06635,75.66499,2075.0754,2076.606,1879.1869,0.15567923
real,E:\437 project\dataset\train\real\real_23334.jpg,0.3488994,5.752282,0,131.66193,118.21707,99.62132,1595.9312,1374.7693,1084.9166,0.09412563
real,E:\437 project\dataset\train\real\real_08472.jpg,0.5800155,19.401094,0,55.467575,51.871033,45.453094,4870.293,4376.5107,3428.322,-0.14892149
real,E:\437 project\dataset\train\real\real_10392.jpg,0.7105713,14.9004755,0,126.23973,126.006775,102.11159,3912.2063,3768.5999,4847.193,-0.165411
real,E:\437 project\dataset\train\real\real_13494.jpg,0.96062726,15.0369425,0,112.956894,98.73381,81.249176,3536.8398,3533.923,3574.8047,0.04045868
real,E:\437 project\dataset\train\real\real_39888.jpg,0.6140249,14.538554,0,132.45502,129.45418,105.13048,4111.0713,3860.253,2718.813,0.9589467
real,E:\437 project\dataset\train\real\real_16686.jpg,0.48710763,11.799704,0,111.145035,92.75473,79.56915,2339.775,2399.7803,2424.1995,-0.11635065
real,E:\437 project\dataset\train\real\real_26124.jpg,0.41700268,5.940144,0,115.40578,76.170135,39.74901,2136.7273,1957.6207,1564.6191,0.028273106
real,E:\437 project\dataset\train\real\real_23676.jpg,0.49332252,11.844122,0,111.15813,108.62337,105.83882,4171.7114,4429.6436,5145.7417,-0.4559853
real,E:\437 project\dataset\train\real\real_27108.jpg,0.5437288,14.2217455,0,134.49695,120.70494,129.71921,4182.563,4562.581,3684.7075,-0.5521989
real,E:\437 project\dataset\train\real\real_22776.jpg,0.53506047,14.081846,0,136.07742,105.52551,81.6044,3926.1265,3596.48,2731.8516,0.1515646
real,E:\437 project\dataset\train\real\real_25476.jpg,0.885488,22.434752,0,124.82127,125.43756,111.41531,5358.6284,5613.6465,5029.1406,0.3013153
real,E:\437 project\dataset\train\real\real_24648.jpg,0.69155395,16.008417,0,142.34706,139.27321,134.78922,3628.5535,3172.442,3368.147,-0.06702089
real,E:\437 project\dataset\train\real\real_33888.jpg,0.7380758,17.775845,0,108.388504,119.94173,107.082596,4855.4478,4373.1807,4552.8115,0.4557767
real,E:\437 project\dataset\train\real\real_13638.jpg,0.5475267,17.952827,0,90.25539,78.44153,75.429016,5356.025,4823.7207,4403.2935,-0.07683802
real,E:\437 project\dataset\train\real\real_20352.jpg,0.78217334,13.956938,0,126.26074,118.879,102.79932,4492.5557,4848.1406,5952.515,0.29557943
real,E:\437 project\dataset\train\real\real_34638.jpg,0.61009365,16.462069,0,117.538605,117.47908,101.778625,2824.126,2634.2764,3640.753,-0.19834137
real,E:\437 project\dataset\train\real\real_13836.jpg,0.6908534,19.696102,0,112.12564,99.41487,98.26489,4987.4785,5364.5957,5332.7485,0.17275953
real,E:\437 project\dataset\train\real\real_27354.jpg,0.6178567,18.814392,0,121.13498,124.85878,121.963745,7234.5874,6875.898,6746.6284,0.047132492
real,E:\437 project\dataset\train\real\real_21744.jpg,0.4880159,11.384535,0,126.44092,102.66499,71.26666,5445.489,4580.9053,3093.0696,-0.2976687
real,E:\437 project\dataset\train\real\real_34884.jpg,0.52711785,13.133042,0,135.20366,132.62506,130.37137,3656.5125,4216.004,4943.1143,0.41064477
real,E:\437 project\dataset\train\real\real_10440.jpg,0.38619146,8.8630705,0,97.377914,90.88835,39.814545,5161.1187,3279.9858,592.6062,-0.107963085
real,E:\437 project\dataset\train\real\real_33660.jpg,0.49000102,12.554801,0,119.926575,108.48694,101.81134,4697.3267,4630.9595,5790.1973,0.019516468
real,E:\437 project\dataset\train\real\real_12708.jpg,0.59566116,18.651047,0,98.01105,114.68878,90.467514,6209.7563,4694.419,6366.156,0.18034935
real,E:\437 project\dataset\train\real\real_36264.jpg,0.6457685,15.837689,0,153.74599,148.32669,114.53453,3246.901,3253.7463,5912.713,0.122927666
real,E:\437 project\dataset\train\real\real_16104.jpg,0.6865026,18.197548,0,127.95557,124.33916,121.38425,5384.371,5935.264,7379.1426,0.2794509
real,E:\437 project\dataset\train\real\real_33720.jpg,0.6452698,20.246374,0,131.50027,134.53857,115.17737,6189.1245,5555.8457,6620.4756,0.11920977
real,E:\437 project\dataset\train\real\real_26202.jpg,0.44911283,12.590178,0,146.07507,119.27283,112.336075,2213.698,3315.9885,2613.0566,0.76491165
real,E:\437 project\dataset\train\real\real_09300.jpg,0.6472292,13.663218,0,77.62512,57.477844,33.6427,3705.0579,2332.4705,1211.0638,0.75708604
real,E:\437 project\dataset\train\real\real_01380.jpg,0.5231902,6.5364404,0,140.90921,123.76933,115.95726,1552.2498,1498.7496,1609.2852,0.051813006
real,E:\437 project\dataset\train\real\real_03204.jpg,0.44828433,16.379032,0,94.73781,107.806366,130.33424,6475.3203,6001.164,5135.113,-1.3953056
real,E:\437 project\dataset\train\real\real_01434.jpg,0.7489743,17.712961,0,127.231384,119.569885,100.96808,3831.5396,3564.771,3281.0022,-0.045497417
real,E:\437 project\dataset\train\real\real_36582.jpg,0.59812653,17.493591,0,113.342285,114.26254,98.08014,5377.819,4957.1177,4765.9473,-0.71668816
real,E:\437 project\dataset\train\real\real_32646.jpg,0.8276559,13.975731,0,121.250854,113.48016,96.923935,3034.8044,3170.2083,4198.131,0.12955904
real,E:\437 project\dataset\train\real\real_35640.jpg,0.7760767,12.529556,0,107.10864,107.64488,75.50516,1932.6658,1781.1768,1890.987,0.21887684
real,E:\437 project\dataset\train\real\real_22902.jpg,0.8017072,9.505662,0,93.29208,96.708466,79.08804,1148.2277,1358.4276,2672.1428,0.12263799
real,E:\437 project\dataset\train\real\real_35520.jpg,0.65509474,16.010944,0,135.15529,134.70961,129.11415,5915.5938,6058.743,5808.8257,-0.771235
real,E:\437 project\dataset\train\real\real_18798.jpg,0.54395646,12.32739,0,133.20575,136.99571,138.36577,5634.1294,5011.415,4761.3643,-0.0073497295
real,E:\437 project\dataset\train\real\real_11328.jpg,0.5315783,13.414947,0,44.276688,37.33412,25.86789,2683.406,2648.2412,1933.5192,0.052250385
real,E:\437 project\dataset\train\real\real_07968.jpg,0.56476957,10.721942,0,95.90971,75.98534,61.895523,2290.7441,2422.9639,2478.52,-0.09521294
real,E:\437 project\dataset\train\real\real_20298.jpg,0.5248804,16.131842,0,145.97676,148.58171,147.06213,6557.572,6245.164,6077.016,-0.48889136
real,E:\437 project\dataset\train\real\real_08724.jpg,0.84025776,16.76956,0,107.300705,102.695465,99.855484,4188.523,4495.5674,4779.695,-0.17588091
real,E:\437 project\dataset\train\real\real_34296.jpg,0.47472343,9.883703,0,68.41968,69.19055,55.200165,1600.7686,1681.9366,1467.5972,0.044193745
real,E:\437 project\dataset\train\real\real_34656.jpg,0.94679195,16.744064,0,89.75641,98.46832,102.057205,2909.3042,1861.0927,5718.53,0.51342964
real,E:\437 project\dataset\train\real\real_12828.jpg,0.574412,15.944756,0,129.2274,125.0936,126.48897,3224.942,3338.695,3670.8308,0.3789959
real,E:\437 project\dataset\train\real\real_26652.jpg,0.5399861,14.118154,0,87.31319,95.384796,126.9845,4326.009,4897.5854,6174.338,-0.49159813
real,E:\437 project\dataset\train\real\real_15456.jpg,0.5597056,14.4418125,0,63.165405,63.165405,63.165405,3811.013,3811.013,3811.013,-0.5671325
real,E:\437 project\dataset\train\real\real_13632.jpg,0.6626036,19.013525,0,135.05667,113.74045,117.287094,3288.587,3858.9067,3758.9229,0.19834471
real,E:\437 project\dataset\train\real\real_15708.jpg,0.5923995,18.94949,0,129.88034,127.87045,117.505554,5948.141,6090.6826,8061.4805,0.2541585
real,E:\437 project\dataset\train\real\real_38130.jpg,0.35319826,7.8355336,0,148.01598,151.18683,158.32121,4797.5396,3750.4119,4409.311,0.24117553
real,E:\437 project\dataset\train\real\real_15738.jpg,0.64795405,12.522531,0,100.79445,100.84889,100.76816,3764.146,3935.5881,4315.1763,-0.3154509
real,E:\437 project\dataset\train\real\real_02808.jpg,0.56501836,13.570217,0,169.135,144.91885,125.113266,1998.049,1766.7291,1705.9028,0.1969459
real,E:\437 project\dataset\train\real\real_00474.jpg,0.5829027,10.927683,0,133.68346,138.50528,110.98111,4971.7783,4792.77,7538.1343,-0.045304775
real,E:\437 project\dataset\train\real\real_38154.jpg,0.54206234,6.7344227,0,120.060394,119.01672,114.33954,1125.9291,874.57654,768.44977,-0.10315645
real,E:\437 project\dataset\train\real\real_29718.jpg,0.5158126,13.356019,0,105.73952,97.572845,90.41669,3122.55,2853.1772,2945.9539,0.15029407
real,E:\437 project\dataset\train\real\real_20778.jpg,0.8704642,18.016184,0,161.30312,158.792,143.27638,5221.5396,5273.0063,6462.994,0.42433357
real,E:\437 project\dataset\train\real\real_12378.jpg,0.6375366,14.47812,0,97.28386,84.67798,62.504562,3949.1548,2389.2776,1967.7233,0.1751852
real,E:\437 project\dataset\train\real\real_29262.jpg,0.63360685,14.316273,0,83.90375,50.120407,45.41472,4897.898,2560.8347,869.78265,0.3516693
real,E:\437 project\dataset\train\real\real_38214.jpg,0.8417344,23.88994,0,107.74815,109.0235,109.09636,4284.168,4537.4966,4989.0454,-0.25318146
real,E:\437 project\dataset\train\real\real_23598.jpg,0.5612366,10.684113,0,148.47185,141.54315,115.61847,1762.687,1821.4966,1798.9095,0.39240813
real,E:\437 project\dataset\train\real\real_33042.jpg,0.5861196,14.136738,0,109.67375,122.00456,137.52216,2547.7737,2759.1135,4215.01,0.23150969
real,E:\437 project\dataset\train\real\real_38778.jpg,0.48447016,9.363592,0,87.59401,86.61508,83.48427,5356.867,5305.3413,5542.6904,-0.04780352
real,E:\437 project\dataset\train\real\real_19032.jpg,0.46967196,12.086339,0,88.2897,78.665115,46.89987,6223.5806,5026.526,4208.4805,-0.5525923
real,E:\437 project\dataset\train\real\real_11364.jpg,0.32768962,11.795688,0,74.25607,56.434006,46.00746,5325.8633,3587.3008,2725.0544,-0.1197567
real,E:\437 project\dataset\train\real\real_13236.jpg,0.6642994,13.127519,0,66.23271,68.852234,63.676727,2718.9268,2330.0513,3413.8452,-0.11754942
real,E:\437 project\dataset\train\real\real_05964.jpg,0.62207323,16.329153,0,78.4256,81.234085,78.59146,5184.769,5029.32,4947.762,-1.0250888
real,E:\437 project\dataset\train\real\real_10806.jpg,0.59327215,10.517767,0,91.89966,91.27347,87.19093,1701.1443,1747.713,2129.5085,0.27217937
real,E:\437 project\dataset\train\real\real_41088.jpg,0.4744156,12.506205,0,126.006775,128.53,119.63718,2907.5293,2616.397,2586.3914,-0.6144228
real,E:\437 project\dataset\train\real\real_08712.jpg,0.6796545,13.811789,0,115.914764,124.88991,131.61183,2824.5508,3410.3328,4983.712,0.18061066
real,E:\437 project\dataset\train\real\real_09516.jpg,0.59148216,11.548194,0,133.65251,138.50427,125.85388,3918.092,4230.403,7019.8335,0.047668457
real,E:\437 project\dataset\train\real\real_24078.jpg,0.5264233,10.888148,0,210.4898,181.78265,148.07072,1696.3911,2704.7566,3957.1392,0.1266954
real,E:\437 project\dataset\train\real\real_02742.jpg,0.7086092,22.530094,0,128.94505,132.2391,105.426636,5960.24,5771.4307,8402.518,0.033801556
real,E:\437 project\dataset\train\real\real_08706.jpg,0.51168716,13.760554,0,142.57893,134.7763,117.1431,6526.104,6492.7554,6855.2476,0.32565284
real,E:\437 project\dataset\train\real\real_35784.jpg,0.45899373,9.574606,0,126.97508,116.77635,95.97612,3290.4668,3179.515,2787.6257,-0.38121343
real,E:\437 project\dataset\train\real\real_32208.jpg,0.62050366,11.89405,0,158.35669,159.12653,154.20787,6203.9297,5968.939,6525.122,-0.47380567
real,E:\437 project\dataset\train\real\real_02622.jpg,0.60006154,15.180334,0,118.20444,111.42703,106.842255,5842.491,5371.9243,5695.849,-0.09221506
real,E:\437 project\dataset\train\real\real_35676.jpg,0.41900387,11.093061,0,85.8696,48.87793,32.037125,4464.447,3841.5393,2928.47,0.18773961
real,E:\437 project\dataset\train\real\real_30072.jpg,0.5567122,16.783237,0,119.22412,134.24385,120.846176,7318.238,6326.992,6663.9814,-0.343266
real,E:\437 project\dataset\train\real\real_11826.jpg,0.46927127,17.09602,0,120.30478,104.731766,92.716934,6345.9863,6543.078,6070.0317,-0.2720275
real,E:\437 project\dataset\train\real\real_30156.jpg,0.41428843,10.046996,0,131.59267,128.71811,125.23906,2463.3972,3079.4988,3842.2993,-0.11910939
real,E:\437 project\dataset\train\real\real_16296.jpg,0.88518727,14.553274,0,89.83577,87.28558,81.34918,5843.719,4725.6636,3848.378,0.25357056
real,E:\437 project\dataset\train\real\real_02814.jpg,0.73152447,8.953349,0,150.44922,158.71541,139.76411,1368.9926,1263.9088,4994.6963,-0.1346662
real,E:\437 project\dataset\train\real\real_03018.jpg,0.5930882,8.918831,0,48.64418,36.878128,48.045197,1895.5497,518.4484,999.23486,0.085668325
real,E:\437 project\dataset\train\real\real_06282.jpg,0.32486743,11.082035,0,155.29695,154.56581,150.01857,6018.48,6098.526,5947.105,0.038499355
real,E:\437 project\dataset\train\real\real_20160.jpg,0.6548621,15.525829,0,122.087845,121.42345,116.47682,5991.836,5969.1465,6227.621,1.2905607
real,E:\437 project\dataset\train\real\real_35634.jpg,0.5195965,14.708075,0,133.88326,133.88326,133.86716,4601.0337,4601.0337,4599.7246,-0.27136374
real,E:\437 project\dataset\train\real\real_23226.jpg,0.79736006,11.042466,0,153.87068,156.86366,156.09203,2194.0464,2304.483,2383.5981,0.103518486
real,E:\437 project\dataset\train\real\real_23574.jpg,0.7070177,22.487055,0,92.57066,99.93219,103.5305,4732.2,4757.8496,5208.9634,0.17214346
real,E:\437 project\dataset\train\real\real_36600.jpg,0.45912105,8.497731,0,206.41565,134.25594,66.23926,1063.114,1507.8054,1086.4144,0.16686726
real,E:\437 project\dataset\train\real\real_28584.jpg,0.57202125,9.730782,0,112.42268,112.42268,112.42268,1274.1615,1274.1615,1274.1615,0.20956814
real,E:\437 project\dataset\train\real\real_32478.jpg,0.67002696,9.262829,0,117.28999,131.13618,136.92175,1598.8716,2417.643,4065.9683,-0.21654439
real,E:\437 project\dataset\train\real\real_21690.jpg,0.5676449,21.075453,0,82.091156,81.1519,30.761276,3506.3984,7710.773,2548.8892,0.17074776
real,E:\437 project\dataset\train\real\real_36936.jpg,0.6071117,12.44063,0,62.3649,60.10759,60.307373,1719.977,1656.6724,1819.7712,0.3028512
real,E:\437 project\dataset\train\real\real_02838.jpg,0.67508453,12.533375,0,146.15033,139.904,123.013916,5852.157,6725.7285,9530.728,-0.13202834
real,E:\437 project\dataset\train\real\real_36498.jpg,0.88458604,9.957983,0,135.04482,98.054535,49.15306,688.9588,856.641,1307.4395,0.037047863
real,E:\437 project\dataset\train\real\real_17316.jpg,0.68571794,11.184327,0,79.0706,111.29608,154.8943,853.9104,756.62225,1060.0742,0.23879898
real,E:\437 project\dataset\train\real\real_09324.jpg,0.6187955,19.630934,0,94.12425,97.837296,81.747345,5996.9175,5257.8096,4932.4927,-0.63255835
real,E:\437 project\dataset\train\real\real_24762.jpg,0.72007763,16.383991,0,157.16336,168.87167,187.4238,4460.225,2806.321,1925.2915,-0.006941557
real,E:\437 project\dataset\train\real\real_11640.jpg,0.62109876,11.125243,0,108.158066,107.75069,113.12564,2364.0532,3457.694,4761.28,-0.34539247
real,E:\437 project\dataset\train\real\real_37116.jpg,0.34568143,5.6500487,0,94.026535,99.71838,88.121216,1982.1252,2201.4102,2222.7354,0.22540939
real,E:\437 project\dataset\train\real\real_35682.jpg,0.70455223,16.559885,0,128.58191,131.61174,114.62991,4203.611,4099.545,4124.0107,-0.04791832
real,E:\437 project\dataset\train\real\real_32754.jpg,0.66053,4.9179864,0,89.15387,137.09593,187.72813,53.832493,88.40647,277.9189,-0.016186118
real,E:\437 project\dataset\train\real\real_40086.jpg,0.5814459,14.249953,0,128.17212,127.89781,123.631805,4612.7485,4599.6675,4699.4326,0.055338383
real,E:\437 project\dataset\train\real\real_38982.jpg,0.47916663,9.23874,0,123.10542,96.30318,58.650208,3188.7627,2612.202,1481.5371,-0.057604074
real,E:\437 project\dataset\train\real\real_36900.jpg,0.6542411,17.557566,0,87.082016,94.31827,102.40384,6684.6206,6789.459,7054.814,-0.26930666
real,E:\437 project\dataset\train\real\real_17400.jpg,0.47965428,11.258498,0,121.55849,120.574326,116.218094,3223.342,2295.3975,2667.9436,0.41662455
real,E:\437 project\dataset\train\real\real_07206.jpg,0.61758894,11.950738,0,124.19211,128.3586,132.62282,5625.28,5307.4727,5015.014,0.19900274
real,E:\437 project\dataset\train\real\real_34284.jpg,1.0158228,18.532528,0,104.73845,122.50076,62.15834,2079.7297,2009.0233,1608.6085,-0.36430264
real,E:\437 project\dataset\train\real\real_37614.jpg,0.75137335,18.979599,0,101.33899,97.62096,82.52345,3449.3838,3597.4614,3912.1797,-0.2891345
real,E:\437 project\dataset\train\real\real_03210.jpg,0.36905217,10.603705,0,111.80351,111.837555,108.97702,3604.8357,3498.7856,3376.8826,0.11205506
real,E:\437 project\dataset\train\real\real_34134.jpg,0.56361455,12.964043,0,109.55217,148.43814,146.39697,2846.9158,4637.489,5325.689,0.38111997
real,E:\437 project\dataset\train\real\real_22398.jpg,0.34770477,6.4288983,0,167.84966,117.13614,52.925323,1920.9083,2641.7473,924.2962,0.021431684
real,E:\437 project\dataset\train\real\real_34794.jpg,0.6026578,15.866113,0,165.54285,123.33537,115.26308,4317.6494,5616.025,4862.9175,-0.38154268
real,E:\437 project\dataset\train\real\real_17244.jpg,0.55880886,15.9820595,0,154.04128,123.75282,117.80034,5039.4707,4381.3013,4589.221,-0.32904243
real,E:\437 project\dataset\train\real\real_31068.jpg,0.47236493,9.794104,0,104.22218,85.01959,69.86905,3419.0334,3730.1384,3856.7678,-0.039515495
real,E:\437 project\dataset\train\real\real_18852.jpg,0.93579674,21.16083,0,95.28627,102.08423,77.996445,2701.8386,3055.3328,2417.0803,0.24413204
real,E:\437 project\dataset\train\real\real_18678.jpg,0.5675825,12.687047,0,112.45087,121.15375,146.47783,4701.7017,4254.303,4954.6973,0.11582613
real,E:\437 project\dataset\train\real\real_22836.jpg,0.42161334,7.9566545,0,36.902817,34.64044,24.060196,2822.9092,2453.9033,1332.7775,-0.012985587
real,E:\437 project\dataset\train\real\real_30228.jpg,0.59843934,11.097487,0,123.926895,122.24478,135.6158,5047.483,5149.1055,4632.973,0.08013439
real,E:\437 project\dataset\train\real\real_24318.jpg,0.6346352,15.670266,0,128.05994,124.92282,118.426285,3891.1184,3752.747,3850.2966,0.2006526
real,E:\437 project\dataset\train\real\real_18258.jpg,0.36120942,12.806885,0,123.10663,119.51134,122.73065,3663.4792,2555.1963,2390.096,0.17535353
real,E:\437 project\dataset\train\real\real_08010.jpg,0.4708502,19.662691,0,106.04123,96.79379,88.83508,6281.7314,5279.581,4745.0107,0.79114914
real,E:\437 project\dataset\train\real\real_37464.jpg,0.3975102,10.905287,0,182.02939,187.11076,195.89207,2432.1387,2430.5857,2717.133,0.2461822
real,E:\437 project\dataset\train\real\real_16584.jpg,0.49275303,9.710864,0,145.02655,134.48349,126.15401,2892.0361,3460.373,4055.9465,0.26904273
real,E:\437 project\dataset\train\real\real_33366.jpg,0.6222394,15.008452,0,101.724945,101.724945,101.724945,3249.317,3249.317,3249.317,-0.05332637
real,E:\437 project\dataset\train\real\real_11784.jpg,0.5556579,13.405534,0,148.4285,151.47678,125.27243,2743.398,2124.771,2237.5586,0.06849241
real,E:\437 project\dataset\train\real\real_09354.jpg,0.828003,16.025328,0,119.589386,99.35759,101.413895,3640.6304,2535.8787,2495.29,-0.10083532
real,E:\437 project\dataset\train\real\real_01110.jpg,0.50830966,8.623154,0,123.660324,93.92879,69.13689,1794.2372,2202.201,2450.0264,0.27826047
real,E:\437 project\dataset\train\real\real_33186.jpg,0.692343,11.588065,0,124.88258,117.685196,96.88275,1639.754,1300.7242,1236.8761,0.044638634
real,E:\437 project\dataset\train\real\real_30426.jpg,0.5126602,18.113806,0,108.43059,112.023895,118.002594,4158.973,4948.9653,6022.9854,-0.9640231
real,E:\437 project\dataset\train\real\real_40278.jpg,0.54909366,15.436414,0,119.536575,119.536575,119.536575,2549.1577,2549.1577,2549.1577,0.06868386
real,E:\437 project\dataset\train\real\real_35046.jpg,0.6907963,18.15611,0,99.08714,134.75381,165.79585,2688.5334,1599.1289,4974.902,0.14000225
real,E:\437 project\dataset\train\real\real_38514.jpg,0.49009347,13.458899,0,156.36859,141.80678,131.466,2778.9692,4101.6753,3861.2024,-0.49168944
real,E:\437 project\dataset\train\real\real_21972.jpg,0.5596011,9.915089,0,127.87903,130.75082,130.4076,4861.184,5344.016,5955.086,0.111983776
real,E:\437 project\dataset\train\real\real_21450.jpg,0.7255356,17.316196,0,103.67502,108.23598,95.17627,4433.323,3930.6992,4845.881,0.032521248
real,E:\437 project\dataset\train\real\real_12462.jpg,0.6237668,18.736511,0,97.371826,97.42012,96.086914,4433.368,4238.2817,4567.3745,0.7087741
real,E:\437 project\dataset\train\real\real_09006.jpg,0.6708156,17.322971,0,112.32088,102.610214,91.06499,3465.4338,3289.2388,3679.3792,-0.0566082
real,E:\437 project\dataset\train\real\real_01398.jpg,0.47522107,13.0056715,0,130.11644,125.41899,123.90599,6004.294,5695.1055,4954.123,-0.12951851
real,E:\437 project\dataset\train\real\real_32934.jpg,0.70527107,21.862133,0,88.50365,92.88983,80.6169,4472.814,3839.9492,2811.8442,0.33770084
real,E:\437 project\dataset\train\real\real_08988.jpg,0.5682919,11.997708,0,81.64043,78.2811,73.99844,3794.0933,3313.5083,2895.054,0.19494748
real,E:\437 project\dataset\train\real\real_28536.jpg,0.7130638,19.640825,0,137.41656,141.34648,125.71358,6533.921,5913.138,6813.337,-0.4353571
real,E:\437 project\dataset\train\real\real_26454.jpg,0.75493366,13.802595,0,151.60219,138.93762,114.804535,2632.0571,2975.141,4192.947,0.52583885
real,E:\437 project\dataset\train\real\real_22302.jpg,0.5315567,17.314726,0,116.92233,117.01312,117.53665,2947.4075,2792.777,2825.9329,0.33528137
real,E:\437 project\dataset\train\real\real_14988.jpg,0.62647194,12.854314,0,109.64661,107.15968,106.816345,4583.927,4784.574,5341.1504,0.46548843
real,E:\437 project\dataset\train\real\real_04404.jpg,0.74616146,13.4410715,0,107.46155,79.36389,61.26857,4783.0674,2218.3499,2081.0037,-0.081846714
real,E:\437 project\dataset\train\real\real_09894.jpg,0.745909,17.152733,0,99.36281,90.785645,74.789444,3802.3918,3446.1365,3185.6533,-0.09312725
real,E:\437 project\dataset\train\real\real_11736.jpg,0.36702082,13.001957,0,198.21767,203.10141,214.66579,5171.68,5057.7603,4969.527,-0.12465227
real,E:\437 project\dataset\train\real\real_38952.jpg,0.5007016,4.955489,0,150.47469,112.91264,104.08734,876.4602,1428.3733,2307.6057,0.07963872
real,E:\437 project\dataset\train\real\real_13656.jpg,0.7159147,15.516723,0,151.60532,154.98859,159.75029,1791.7917,1875.5037,1976.8419,-0.09058952
real,E:\437 project\dataset\train\real\real_24750.jpg,0.55171746,9.164239,0,104.14453,93.56499,70.90445,1562.057,2111.422,2154.5803,0.0046322346
real,E:\437 project\dataset\train\real\real_26784.jpg,0.46771008,12.888732,0,116.97244,93.147766,69.96283,6440.9375,4069.6655,2633.1914,0.37503338
real,E:\437 project\dataset\train\real\real_38754.jpg,0.5439892,17.399136,0,157.66103,137.3917,129.11671,3057.1436,3697.1736,5001.8687,0.2471075
real,E:\437 project\dataset\train\real\real_18264.jpg,0.57680166,21.316566,0,131.47786,126.18228,121.013565,6299.7646,5944.1016,6471.7803,0.48945332
real,E:\437 project\dataset\train\real\real_09492.jpg,0.8944984,14.067682,0,79.077255,81.829605,80.85164,1358.7716,1342.4751,1538.0468,-0.25545645
real,E:\437 project\dataset\train\real\real_31632.jpg,0.42305976,10.457106,0,134.85626,119.3414,96.98387,6616.801,5743.9663,4795.951,-0.80882883
real,E:\437 project\dataset\train\real\real_14250.jpg,0.51271033,10.7068205,0,92.97293,93.45859,101.33974,3307.2737,2999.082,3307.033,0.12918544
real,E:\437 project\dataset\train\real\real_24210.jpg,0.5851404,19.408136,0,185.51231,169.2833,150.14626,7268.6484,7522.2095,7529.5527,-0.05348301
real,E:\437 project\dataset\train\real\real_11214.jpg,0.41696888,10.287718,0,106.20987,109.69902,89.41499,6629.3096,5653.405,5104.46,-0.050727367
real,E:\437 project\dataset\train\real\real_29934.jpg,0.68066394,21.081202,0,145.16948,145.74983,137.04745,4859.056,4651.7246,5308.627,0.2952876
real,E:\437 project\dataset\train\real\real_34926.jpg,0.5446312,11.546365,0,143.1299,138.68704,120.968185,5925.145,5271.545,6088.474,0.06928563
real,E:\437 project\dataset\train\real\real_18540.jpg,0.5263763,6.8839216,0,154.9695,153.41318,146.20972,2379.7197,2368.991,2582.354,-0.06446719
real,E:\437 project\dataset\train\real\real_29406.jpg,0.5624499,13.281302,0,122.91724,101.32321,89.41232,4959.427,5466.72,5987.966,-1.2900112
real,E:\437 project\dataset\train\real\real_01302.jpg,0.39882204,13.170252,0,93.375916,103.175934,54.40988,3223.068,3484.081,2974.762,0.13403654
real,E:\437 project\dataset\train\real\real_29988.jpg,0.38006204,13.58769,0,73.406845,70.612,66.8298,4330.7563,4516.735,4705.0356,-0.21040058
real,E:\437 project\dataset\train\real\real_27216.jpg,0.51088554,8.936148,0,139.46077,157.41046,168.13295,2586.1526,800.3512,1187.1605,-0.14677298
real,E:\437 project\dataset\train\real\real_20532.jpg,0.8074117,23.458632,0,97.37637,92.54863,85.70154,4042.665,4317.3804,4907.671,0.19234371
real,E:\437 project\dataset\train\real\real_19614.jpg,0.3723986,8.598428,0,121.45137,90.27681,74.45212,3477.2468,2684.6619,2197.843,0.22378469
real,E:\437 project\dataset\train\real\real_04056.jpg,0.6741251,11.444887,0,157.7009,156.06898,138.73833,2564.731,3221.278,6598.188,-0.059987783
real,E:\437 project\dataset\train\real\real_40344.jpg,0.47769767,21.396366,0,76.601456,70.95369,65.79759,6240.1387,4783.5317,4058.3982,0.38238811
real,E:\437 project\dataset\train\real\real_31260.jpg,0.5135155,20.10682,0,119.17534,89.782104,74.903336,5264.6006,3920.0696,3737.5134,-0.07545757
real,E:\437 project\dataset\train\real\real_20478.jpg,0.65425575,11.14612,0,123.315704,134.7539,149.01714,2131.464,1795.6543,1491.7881,0.05294895
real,E:\437 project\dataset\train\real\real_25968.jpg,0.6797819,9.131265,0,96.88254,103.14719,88.65993,979.1779,1077.4456,1587.2465,-0.930398
real,E:\437 project\dataset\train\real\real_08520.jpg,0.5402469,17.214954,0,74.232086,74.67613,67.333374,3558.6035,3551.1396,3044.833,-0.3647461
real,E:\437 project\dataset\train\real\real_25518.jpg,0.5906379,14.484859,0,144.69348,131.40848,115.61281,3594.4607,2952.4473,2968.986,-0.45763922
real,E:\437 project\dataset\train\real\real_02286.jpg,0.5583148,11.602623,0,122.07095,109.79611,111.68039,5066.786,4678.5874,5880.477,0.17282152
real,E:\437 project\dataset\train\real\real_36288.jpg,0.5243913,8.784735,0,102.434784,105.46333,104.68814,3844.0684,4116.289,5037.2183,0.17092037
real,E:\437 project\dataset\train\real\real_40530.jpg,0.71818703,12.934492,0,101.23773,105.16452,108.16783,2619.2937,2797.7375,3916.1157,0.19649506
real,E:\437 project\dataset\train\real\real_06948.jpg,0.6514857,16.962378,0,100.26878,115.82887,110.12198,2406.026,2988.4453,3843.6973,-0.22333956
real,E:\437 project\dataset\train\real\real_19710.jpg,0.5076017,15.063646,0,130.58049,115.84891,85.71774,6768.8174,6276.299,5553.8438,-0.3748591
real,E:\437 project\dataset\train\real\real_32766.jpg,0.55058116,9.428752,0,78.2798,42.25116,22.652344,3661.6309,1543.9015,604.4976,-0.0944469
real,E:\437 project\dataset\train\real\real_27708.jpg,0.6203289,16.22554,0,147.85808,150.99992,126.99611,4611.675,4336.1724,6084.4106,-0.27136755
real,E:\437 project\dataset\train\real\real_04416.jpg,0.51234496,8.834763,0,153.15952,124.43211,105.7272,1346.1079,2089.2996,3404.51,0.3463534
real,E:\437 project\dataset\train\real\real_13938.jpg,0.85563475,14.606851,0,130.93869,125.1443,95.39311,3821.6694,3440.569,2982.3477,-0.007642746
real,E:\437 project\dataset\train\real\real_01014.jpg,0.39250675,9.6456995,0,155.81474,128.9569,125.55606,3932.5376,4151.445,2681.6675,-0.29051661
real,E:\437 project\dataset\train\real\real_15906.jpg,0.7433081,15.514565,0,134.02318,136.49036,122.94534,3302.777,2143.6863,2936.862,-0.033701897
real,E:\437 project\dataset\train\real\real_04098.jpg,0.49698758,14.370749,0,111.56195,101.44702,95.10019,4464.53,5540.838,6286.555,0.07260704
real,E:\437 project\dataset\train\real\real_04452.jpg,0.6724671,18.683601,0,74.091064,76.55281,79.35843,4521.878,4773.4863,5064.857,-0.10794163
real,E:\437 project\dataset\train\real\real_12792.jpg,0.47393474,14.723703,0,110.89867,100.586075,70.502426,4603.8,3613.7012,3183.1692,-0.06779575
real,E:\437 project\dataset\train\real\real_07050.jpg,0.46547863,10.991547,0,128.71268,120.00369,111.220856,3947.6843,4702.3545,4820.896,0.35972643
real,E:\437 project\dataset\train\real\real_02358.jpg,0.70085514,20.78654,0,77.66757,76.18022,72.86035,3522.8125,3614.908,3688.4746,-0.566864
real,E:\437 project\dataset\train\real\real_05820.jpg,0.46015945,11.560425,0,170.90793,160.64676,145.0974,3450.116,2871.673,2066.6174,-0.11234164
real,E:\437 project\dataset\train\real\real_33642.jpg,0.46751857,9.65072,0,122.290985,122.976135,115.74039,4811.649,4716.702,5605.986,-0.10476208
real,E:\437 project\dataset\train\real\real_32412.jpg,0.68341875,12.372714,0,99.99588,90.80954,83.405014,4525.4824,4635.146,5078.488,0.32719755
real,E:\437 project\dataset\train\real\real_23964.jpg,0.47368,14.333678,0,137.70929,133.86824,120.523605,3614.9675,3522.3826,4905.346,0.3045559
real,E:\437 project\dataset\train\real\real_29508.jpg,0.62747735,18.265566,0,124.73485,129.28683,126.77977,5937.085,5623.1304,5550.6807,0.34370375
real,E:\437 project\dataset\train\real\real_08274.jpg,0.40503594,6.5776873,0,119.72737,116.815216,116.407715,2790.4216,2851.899,3174.559,0.13647544
real,E:\437 project\dataset\train\real\real_33564.jpg,0.37066665,6.966599,0,175.46442,169.2545,165.8455,3089.246,3325.555,3458.5244,0.31416845
real,E:\437 project\dataset\train\real\real_30930.jpg,0.4859157,16.764877,0,87.46251,84.49191,78.09749,4182.803,3940.474,4442.6396,-0.10344696
real,E:\437 project\dataset\train\real\real_26190.jpg,0.4074124,10.873571,0,92.83542,80.328354,56.703583,2214.1458,2169.457,2670.425,-0.49872828
real,E:\437 project\dataset\train\real\real_01074.jpg,0.5474195,18.74942,0,115.35358,86.019226,77.32541,5456.759,4858.559,5881.1724,0.68933487
real,E:\437 project\dataset\train\real\real_15474.jpg,0.4163289,17.300875,0,83.11351,63.062286,34.48845,6871.1646,5329.539,2738.6306,-0.05061674
real,E:\437 project\dataset\train\real\real_39414.jpg,0.39079753,6.0276003,0,125.48808,125.854996,125.30786,2688.3228,2698.6367,2715.7502,0.012515068
real,E:\437 project\dataset\train\real\real_10098.jpg,0.47763926,12.593781,0,187.85403,155.8956,132.30313,2751.0278,3755.1797,6987.57,0.06988096
real,E:\437 project\dataset\train\real\real_09396.jpg,0.8675696,21.051807,0,111.8114,117.88756,116.39198,2932.5288,3903.7937,5141.106,0.38429165
real,E:\437 project\dataset\train\real\real_41892.jpg,0.608331,13.670027,0,128.94897,131.3678,114.922165,5103.0967,4452.5117,5562.032,-0.14633584
real,E:\437 project\dataset\train\real\real_32670.jpg,0.45532337,7.5729284,0,141.4947,150.49773,108.454926,1906.325,2149.9805,2346.661,0.07899809
real,E:\437 project\dataset\train\real\real_06648.jpg,0.47328565,10.426649,0,124.27835,102.79933,91.00058,3383.8025,3386.406,3362.9016,0.01783967
real,E:\437 project\dataset\train\real\real_18762.jpg,0.5224804,15.762805,0,128.43376,131.8484,132.60117,5728.9253,6074.3066,7028.853,1.2126613
real,E:\437 project\dataset\train\real\real_39162.jpg,0.45315763,10.675378,0,188.2286,194.79317,204.17517,1740.7562,1560.5831,1513.048,0.081052184
real,E:\437 project\dataset\train\real\real_27204.jpg,0.4815775,11.173422,0,72.61868,100.93152,133.48984,2805.8792,2368.1064,3460.0786,-0.053066492
real,E:\437 project\dataset\train\real\real_28896.jpg,0.63530827,21.121466,0,97.25816,95.70558,85.10144,4886.1694,4361.433,4585.2256,0.720315
sd21,E:\437 project\dataset\train\fake\fake_39001_SD21.jpg,0.35701388,10.05985,1,133.30579,131.7904,131.64569,3187.2832,3069.6646,2952.752,-0.1903168
sd21,E:\437 project\dataset\train\fake\fake_17665_SD21.jpg,0.40964684,17.108133,1,129.73927,123.40941,113.79344,5361.9165,4162.779,3655.6418,-0.07769251
sd21,E:\437 project\dataset\train\fake\fake_12145_SD21.jpg,0.6215223,20.714136,1,103.94667,108.28584,106.72653,1813.344,1604.0652,1557.5444,-0.14582253
sd21,E:\437 project\dataset\train\fake\fake_01579_SD21.jpg,0.4378659,6.5529723,1,122.06262,112.23662,102.88655,1957.7599,2149.1233,2766.5508,-0.11216235
sd21,E:\437 project\dataset\train\fake\fake_26101_SD21.jpg,0.5844192,14.003023,1,129.56732,95.91055,67.79263,3419.3833,2172.277,1845.2561,0.34928083
sd21,E:\437 project\dataset\train\fake\fake_20545_SD21.jpg,0.48752066,20.300877,1,117.76599,113.29639,107.807205,4041.4558,3709.5635,3989.1843,0.16130114
sd21,E:\437 project\dataset\train\fake\fake_40489_SD21.jpg,0.42576346,8.661894,1,125.03943,124.24719,120.91258,1074.9298,1087.3932,1110.736,0.3959837
sd21,E:\437 project\dataset\train\fake\fake_37291_SD21.jpg,0.41218343,15.807359,1,123.54822,122.59985,92.257645,4220.9854,4113.128,5129.2163,0.16841745
sd21,E:\437 project\dataset\train\fake\fake_38173_SD21.jpg,0.36292616,11.775563,1,128.0898,124.250595,119.05156,2687.5916,3113.9417,4096.2627,0.8011373
sd21,E:\437 project\dataset\train\fake\fake_33535_SD21.jpg,0.3206985,8.811205,1,136.4197,121.89584,108.22052,3267.7546,4446.755,5843.8813,0.10153031
sd21,E:\437 project\dataset\train\fake\fake_00793_SD21.jpg,0.73159057,18.470802,1,118.83391,116.492355,102.49188,1751.1749,1831.6661,2218.0657,-0.13658857
sd21,E:\437 project\dataset\train\fake\fake_38437_SD21.jpg,0.39230675,11.921101,1,126.290146,111.92966,100.90938,4641.106,3746.4543,3207.9187,-0.07034612
sd21,E:\437 project\dataset\train\fake\fake_25675_SD21.jpg,0.52012557,23.6661,1,127.130875,132.25558,118.80411,3691.3447,5131.382,9375.271,0.3365159
sd21,E:\437 project\dataset\train\fake\fake_14389_SD21.jpg,0.59991336,12.659612,1,112.564896,121.624146,106.2245,3313.2346,2101.8716,1957.1287,-0.07556677
sd21,E:\437 project\dataset\train\fake\fake_34273_SD21.jpg,0.52956825,21.85636,1,120.34857,119.18176,117.08482,4676.6904,4666.678,4651.0166,0.29218292
sd21,E:\437 project\dataset\train\fake\fake_19525_SD21.jpg,0.50127983,20.79504,1,123.29628,122.93742,121.954666,3947.789,3948.8926,3930.4744,-0.47916532
sd21,E:\437 project\dataset\train\fake\fake_36157_SD21.jpg,0.6042982,17.543192,1,111.07172,130.37173,129.59204,2536.025,3820.4895,8201.381,-0.50942945
sd21,E:\437 project\dataset\train\fake\fake_13585_SD21.jpg,0.485609,10.9141245,1,120.27452,116.2318,95.724045,3100.4695,2657.5415,2733.0713,0.031988382
sd21,E:\437 project\dataset\train\fake\fake_11647_SD21.jpg,0.5052939,8.916355,1,122.72786,116.93895,103.6599,1114.6816,1051.2277,1380.1501,-0.003618002
sd21,E:\437 project\dataset\train\fake\fake_04579_SD21.jpg,0.49036577,9.417271,1,136.44208,135.79726,137.6379,2334.5835,2358.5466,2298.6545,0.14373219
sd21,E:\437 project\dataset\train\fake\fake_19057_SD21.jpg,0.47793555,28.047709,1,140.92285,129.74353,125.46985,7803.3687,8532.259,8844.451,0.357625
sd21,E:\437 project\dataset\train\fake\fake_18271_SD21.jpg,0.5440582,23.840614,1,139.93082,142.68259,142.55075,3187.3315,3691.5618,4311.2314,-0.3457551
sd21,E:\437 project\dataset\train\fake\fake_18385_SD21.jpg,0.71908855,11.896856,1,109.81438,94.76749,64.908325,2246.7522,1128.5065,409.53146,0.1910429
sd21,E:\437 project\dataset\train\fake\fake_00607_SD21.jpg,0.43392122,10.660896,1,119.619156,120.92006,125.854935,1760.315,2258.1326,4094.314,-0.031677485
sd21,E:\437 project\dataset\train\fake\fake_37423_SD21.jpg,0.48669833,6.224747,1,124.918655,106.10358,77.1967,2297.5588,1477.0079,1658.0042,-0.15838063
sd21,E:\437 project\dataset\train\fake\fake_08227_SD21.jpg,0.58501077,17.133924,1,117.75052,100.08795,95.29892,3692.412,3375.48,4045.961,-0.49079132
sd21,E:\437 project\dataset\train\fake\fake_03751_SD21.jpg,0.46752015,11.278002,1,113.68132,111.67833,106.27147,1471.1857,1415.0214,1851.5138,0.08011329
sd21,E:\437 project\dataset\train\fake\fake_23497_SD21.jpg,0.51994395,19.118837,1,118.95827,115.65318,115.08812,5775.421,5340.9526,4844.923,-0.59348345
sd21,E:\437 project\dataset\train\fake\fake_06451_SD21.jpg,0.4801413,8.046238,1,136.32458,114.89792,108.287735,1752.7778,823.8499,1048.2078,0.20219183
sd21,E:\437 project\dataset\train\fake\fake_19537_SD21.jpg,0.5140809,15.994153,1,117.90503,112.555405,95.77544,3827.8455,3313.5095,3210.2979,-0.3550086
sd21,E:\437 project\dataset\train\fake\fake_13897_SD21.jpg,0.2822937,8.950563,1,104.22749,110.31012,87.713,3215.255,2841.4458,3504.62,-0.036785603
sd21,E:\437 project\dataset\train\fake\fake_03367_SD21.jpg,0.42587036,14.94836,1,123.63548,99.752075,82.12224,3332.0718,2758.8762,2480.9377,0.39919734
sd21,E:\437 project\dataset\train\fake\fake_32665_SD21.jpg,0.40698445,8.74864,1,130.09854,128.3015,122.185165,1934.7445,1999.6453,2185.873,-0.27009654
sd21,E:\437 project\dataset\train\fake\fake_30619_SD21.jpg,0.37396684,9.428488,1,129.02975,111.94522,110.47089,3675.8806,1842.6487,2498.3335,0.43381357
sd21,E:\437 project\dataset\train\fake\fake_18043_SD21.jpg,0.32847542,7.5609555,1,107.05649,103.11508,101.43361,3478.4587,3060.111,3526.9314,0.12208879
sd21,E:\437 project\dataset\train\fake\fake_06691_SD21.jpg,0.54810095,10.8637905,1,142.10825,117.160995,93.404236,1934.6045,2134.1147,2417.5857,-0.093444824
sd21,E:\437 project\dataset\train\fake\fake_23449_SD21.jpg,0.41161233,7.133561,1,143.18588,137.82231,132.25928,1281.0555,1384.8684,1493.0697,0.25987875
sd21,E:\437 project\dataset\train\fake\fake_12919_SD21.jpg,1.0528814,27.375477,1,134.31927,156.29091,183.23003,4086.2583,2582.8533,1216.8699,1.3752594
sd21,E:\437 project\dataset\train\fake\fake_37339_SD21.jpg,0.4723047,11.582334,1,135.61357,121.46629,109.226166,2744.7517,2462.7827,2671.6692,0.22872663
sd21,E:\437 project\dataset\train\fake\fake_31747_SD21.jpg,0.513052,10.76783,1,102.40364,98.944855,96.220566,4289.9897,3221.2507,4401.008,0.09758973
sd21,E:\437 project\dataset\train\fake\fake_21055_SD21.jpg,0.6304697,10.497984,1,121.68976,119.53412,87.342804,1302.3766,1109.3867,1199.112,-0.059749126
sd21,E:\437 project\dataset\train\fake\fake_07723_SD21.jpg,0.350593,3.701869,1,132.97537,151.83594,159.71489,221.70215,160.48795,164.90672,0.13142496
sd21,E:\437 project\dataset\train\fake\fake_01471_SD21.jpg,0.57677037,19.618473,1,110.97931,108.56438,110.75345,3578.3806,3606.2576,3372.2659,-0.34772158
sd21,E:\437 project\dataset\train\fake\fake_10771_SD21.jpg,0.4337603,10.058982,1,149.18156,119.53137,97.96727,1923.8328,2580.0312,3464.0996,-0.16197264
sd21,E:\437 project\dataset\train\fake\fake_31519_SD21.jpg,0.40975255,11.470578,1,140.88008,118.77901,107.615234,1524.9276,1667.2781,1956.6438,0.056126118
sd21,E:\437 project\dataset\train\fake\fake_18193_SD21.jpg,0.60281414,17.44752,1,120.78929,102.96568,109.61699,4802.7017,3659.2998,5316.7344,-0.107396126
sd21,E:\437 project\dataset\train\fake\fake_17173_SD21.jpg,0.6406651,15.324425,1,131.91788,124.77113,120.132675,2622.7437,2864.1416,3202.6177,-0.012002945
sd21,E:\437 project\dataset\train\fake\fake_16039_SD21.jpg,0.5580145,16.536736,1,110.46538,118.66533,92.442825,3815.9702,3841.2185,5530.5493,-0.80916977
sd21,E:\437 project\dataset\train\fake\fake_35923_SD21.jpg,0.5336491,15.312199,1,119.54936,116.69974,110.34636,4059.7297,3050.7463,2793.6045,-0.47643995
sd21,E:\437 project\dataset\train\fake\fake_01063_SD21.jpg,0.42212084,11.866369,1,140.61606,140.5594,139.86989,2418.624,2734.805,3364.745,0.7606118
sd21,E:\437 project\dataset\train\fake\fake_38803_SD21.jpg,0.49032947,12.554837,1,110.11531,110.09714,89.157455,4779.746,3777.7212,5446.8184,-0.073278666
sd21,E:\437 project\dataset\train\fake\fake_00223_SD21.jpg,0.38148695,8.043667,1,126.98505,125.318726,117.556076,2382.7168,3042.339,3181.193,0.610551
sd21,E:\437 project\dataset\train\fake\fake_20377_SD21.jpg,0.45891705,7.584641,1,137.2643,135.1966,129.20334,2062.2961,2225.4514,2443.1785,0.108948946
sd21,E:\437 project\dataset\train\fake\fake_22855_SD21.jpg,0.6759073,13.876054,1,109.2395,107.18211,72.716064,3719.4448,1124.8962,1006.8725,-0.1866579
sd21,E:\437 project\dataset\train\fake\fake_28249_SD21.jpg,0.29926598,6.5161114,1,121.29596,106.74837,89.6888,1404.2009,1801.7913,2141.4792,0.14840758
sd21,E:\437 project\dataset\train\fake\fake_20197_SD21.jpg,0.6062798,12.483252,1,93.8071,94.10539,71.61395,3798.1938,2875.3213,2032.5422,-0.020438194
sd21,E:\437 project\dataset\train\fake\fake_28033_SD21.jpg,0.40321478,12.497471,1,140.3173,144.2581,150.48553,2185.3616,2242.7864,3248.574,0.52591884
sd21,E:\437 project\dataset\train\fake\fake_03511_SD21.jpg,0.52881956,10.7490225,1,108.83002,107.82144,74.655334,1484.8254,1260.1812,1080.0049,-0.09538388
sd21,E:\437 project\dataset\train\fake\fake_08629_SD21.jpg,0.53236514,18.009235,1,115.76561,112.710724,114.21251,3448.74,3334.409,3244.852,0.41095257
sd21,E:\437 project\dataset\train\fake\fake_06133_SD21.jpg,0.4408421,7.5354624,1,139.03712,125.82492,110.75412,2303.4163,1762.71,3254.4248,0.2107712
sd21,E:\437 project\dataset\train\fake\fake_03265_SD21.jpg,0.35165948,10.819471,1,129.96059,103.170074,87.24902,6305.8003,5259.7837,3288.0608,-0.290653
sd21,E:\437 project\dataset\train\fake\fake_23281_SD21.jpg,0.49359372,13.761404,1,126.23399,112.127304,94.69675,2304.2327,1143.0138,794.7893,-0.07481551
sd21,E:\437 project\dataset\train\fake\fake_06445_SD21.jpg,0.2278964,6.855058,1,136.66457,115.01933,97.089874,1902.5663,2715.7703,3632.6338,-0.19515908
sd21,E:\437 project\dataset\train\fake\fake_23797_SD21.jpg,0.4994283,9.266488,1,108.63312,99.83568,92.139786,1813.0359,2040.2755,2102.3914,-0.23519635
sd21,E:\437 project\dataset\train\fake\fake_15295_SD21.jpg,0.5174943,19.551409,1,115.5979,114.77721,115.117004,4268.844,4434.3354,5558.921,0.03696108
sd21,E:\437 project\dataset\train\fake\fake_29563_SD21.jpg,0.35114908,13.580469,1,130.01161,132.23329,131.72969,4369.965,3236.4197,3094.0557,-0.12589931
sd21,E:\437 project\dataset\train\fake\fake_04513_SD21.jpg,0.46998295,10.44443,1,100.44968,107.37613,83.5296,1492.6056,1888.6152,2189.303,-0.16382718
sd21,E:\437 project\dataset\train\fake\fake_28873_SD21.jpg,0.55198646,15.820724,1,116.58498,112.4422,90.193436,3161.644,3326.1523,4506.901,-0.29336596
sd21,E:\437 project\dataset\train\fake\fake_25819_SD21.jpg,0.55473214,11.98521,1,102.84392,83.84851,69.72084,3426.137,2225.6157,2586.6702,-0.11293411
sd21,E:\437 project\dataset\train\fake\fake_29629_SD21.jpg,0.81196177,14.794646,1,106.42201,109.716995,124.37474,1618.4824,745.61285,1404.4701,0.44110584
sd21,E:\437 project\dataset\train\fake\fake_20599_SD21.jpg,0.56589687,13.722567,1,119.69943,129.96294,133.67557,5187.519,2772.4744,4834.551,0.26808596
sd21,E:\437 project\dataset\train\fake\fake_09637_SD21.jpg,0.47869366,12.9181185,1,116.168976,104.144135,102.71475,3184.736,3178.8953,3789.319,0.70066166
sd21,E:\437 project\dataset\train\fake\fake_23491_SD21.jpg,0.7242779,8.403408,1,112.20882,114.620285,87.31061,1622.5834,1379.4305,2295.7483,-0.20171738
sd21,E:\437 project\dataset\train\fake\fake_41779_SD21.jpg,0.39509383,6.9629436,1,134.55057,128.52203,119.52214,889.2469,1187.8916,1978.241,-0.074236274
sd21,E:\437 project\dataset\train\fake\fake_39895_SD21.jpg,0.5253627,13.869322,1,111.43324,111.39972,102.683716,2777.7039,2559.6616,3783.9224,0.481771
sd21,E:\437 project\dataset\train\fake\fake_12703_SD21.jpg,0.6255477,20.617907,1,106.078354,99.68666,83.40027,3902.2886,2813.8213,2824.512,0.20213318
sd21,E:\437 project\dataset\train\fake\fake_14641_SD21.jpg,0.39567828,17.887285,1,104.52643,104.533356,104.4429,3218.7322,3220.0854,3216.8408,-0.037477493
sd21,E:\437 project\dataset\train\fake\fake_26059_SD21.jpg,0.5637384,16.203087,1,120.0222,106.78401,98.276474,5034.733,3569.0325,3389.0269,-0.6023998
sd21,E:\437 project\dataset\train\fake\fake_11605_SD21.jpg,0.6851084,17.372246,1,124.83162,117.90547,108.077545,2733.421,2582.8328,2299.3955,0.19335556
sd21,E:\437 project\dataset\train\fake\fake_13195_SD21.jpg,0.49169737,9.153085,1,128.23082,135.42564,129.28929,2156.9634,1797.2474,1344.0548,-0.15234876
sd21,E:\437 project\dataset\train\fake\fake_00301_SD21.jpg,0.57545936,14.556271,1,109.34935,101.865265,90.263885,3595.972,3192.8584,2620.7917,0.1338377
sd21,E:\437 project\dataset\train\fake\fake_21835_SD21.jpg,0.35248724,11.069696,1,130.36963,129.70949,128.39523,3483.5535,3498.8755,3526.1162,-0.6073196
sd21,E:\437 project\dataset\train\fake\fake_28597_SD21.jpg,0.78262925,16.705063,1,100.37514,103.61394,72.75891,1971.4592,1512.8259,1842.1576,0.2977743
sd21,E:\437 project\dataset\train\fake\fake_41713_SD21.jpg,0.5399634,18.159164,1,114.030594,109.4536,109.49167,3604.5833,2318.9065,1783.7892,-0.3992133
sd21,E:\437 project\dataset\train\fake\fake_17161_SD21.jpg,0.4719946,18.558628,1,139.76031,146.84642,148.51442,4879.36,5067.759,4982.268,0.08904648
sd21,E:\437 project\dataset\train\fake\fake_18493_SD21.jpg,0.3464355,4.9056344,1,127.7843,118.38963,109.18327,1849.9321,2349.2622,3439.8984,-0.07269466
sd21,E:\437 project\dataset\train\fake\fake_32599_SD21.jpg,0.5558695,17.901184,1,131.6828,115.244995,106.90378,4650.995,4981.8696,5653.0684,-1.1832409
sd21,E:\437 project\dataset\train\fake\fake_02575_SD21.jpg,0.5678873,12.360306,1,126.108444,115.75275,112.45528,3302.182,3074.4492,3417.631,-0.07287383
sd21,E:\437 project\dataset\train\fake\fake_41347_SD21.jpg,0.35036257,16.355518,1,134.42256,119.49579,105.14937,5928.511,6471.3447,5192.6357,0.26931643
sd21,E:\437 project\dataset\train\fake\fake_24925_SD21.jpg,0.47458622,10.856815,1,143.10591,109.09242,82.61896,1917.0612,2923.404,3760.8984,0.38997316
sd21,E:\437 project\dataset\train\fake\fake_23335_SD21.jpg,0.43855694,9.2690525,1,127.08624,125.45213,121.78517,1966.0358,1810.6272,1722.7146,-0.29141176
sd21,E:\437 project\dataset\train\fake\fake_08473_SD21.jpg,0.46570095,19.009842,1,127.17491,134.19135,138.51704,4964.8784,4866.3647,4829.612,-0.41525555
sd21,E:\437 project\dataset\train\fake\fake_10393_SD21.jpg,0.50761634,12.221422,1,117.43988,106.559814,99.98233,1924.2798,1503.0316,1690.803,0.42388916
sd21,E:\437 project\dataset\train\fake\fake_13495_SD21.jpg,0.6043477,15.041954,1,120.34367,122.32451,64.70737,3538.083,2962.1218,1221.8591,-0.20172071
sd21,E:\437 project\dataset\train\fake\fake_39889_SD21.jpg,0.55553186,14.829248,1,117.19174,115.50226,112.8517,2731.607,2682.477,2673.876,0.56833816
sd21,E:\437 project\dataset\train\fake\fake_16687_SD21.jpg,0.5105301,10.559934,1,121.58157,112.018814,88.71365,1329.7795,981.9115,952.09814,0.5289898
sd21,E:\437 project\dataset\train\fake\fake_26125_SD21.jpg,0.38671294,7.1578765,1,132.30539,131.30872,126.374725,2417.363,2583.412,2836.7139,-0.00095558167
sd21,E:\437 project\dataset\train\fake\fake_23677_SD21.jpg,0.46015754,13.955295,1,149.81047,135.11647,127.850296,3371.7336,4484.47,5771.309,-0.49141526
sd21,E:\437 project\dataset\train\fake\fake_27109_SD21.jpg,0.537074,17.839977,1,108.711655,115.978806,121.439896,4005.237,3561.1458,3224.6008,-0.55190134
sd21,E:\437 project\dataset\train\fake\fake_22777_SD21.jpg,0.5203722,13.266732,1,145.59207,113.909744,90.496216,3505.8655,4258.997,5135.828,-0.36606884
sd21,E:\437 project\dataset\train\fake\fake_25477_SD21.jpg,0.46302512,21.102125,1,134.96928,112.444305,85.25673,5346.908,3591.8247,3816.5056,-0.13096571
sd21,E:\437 project\dataset\train\fake\fake_24649_SD21.jpg,0.45858085,9.761703,1,131.02765,108.54045,89.142456,4380.5576,3287.4873,3585.3044,-0.072971344
sd21,E:\437 project\dataset\train\fake\fake_33889_SD21.jpg,0.4654936,14.208783,1,118.40141,89.61662,95.97299,8899.555,4859.425,4900.852,0.024857998
sd21,E:\437 project\dataset\train\fake\fake_13639_SD21.jpg,0.41554376,16.411766,1,121.9491,125.835266,116.03763,4303.0703,4732.2573,6094.1777,0.10739279
sd21,E:\437 project\dataset\train\fake\fake_20353_SD21.jpg,0.6584847,17.397366,1,117.32831,113.49283,84.62506,3681.0066,2790.0762,3170.0864,-0.6956425
sd21,E:\437 project\dataset\train\fake\fake_34639_SD21.jpg,0.6222727,18.091673,1,115.30908,114.82507,86.840164,4695.435,4151.4717,2591.7373,-0.20485687
sd21,E:\437 project\dataset\train\fake\fake_13837_SD21.jpg,0.65643585,18.640919,1,123.69797,112.02493,97.778625,2928.3723,2315.5857,1754.8684,0.21130276
sd21,E:\437 project\dataset\train\fake\fake_27355_SD21.jpg,0.6632448,16.009848,1,111.21202,111.34071,78.14032,3398.3154,3129.8186,3806.8694,0.051015854
sd21,E:\437 project\dataset\train\fake\fake_21745_SD21.jpg,0.40133336,17.746618,1,131.4332,118.6174,109.72856,5412.648,6079.787,7339.022,0.09819698
sd21,E:\437 project\dataset\train\fake\fake_34885_SD21.jpg,0.5122397,11.752077,1,111.29083,111.16553,91.06621,2874.4763,2425.0767,2326.5437,-0.42392898
sd21,E:\437 project\dataset\train\fake\fake_10441_SD21.jpg,0.45866534,9.2936,1,127.5547,116.308105,104.89967,2497.054,2789.0151,2871.5977,0.06577706
sd21,E:\437 project\dataset\train\fake\fake_33661_SD21.jpg,0.5719623,18.863214,1,131.1583,121.86943,96.73183,5628.036,4982.8965,7099.802,-0.06856108
sd21,E:\437 project\dataset\train\fake\fake_12709_SD21.jpg,0.5523036,21.303328,1,119.1416,115.63307,102.91817,4483.658,4071.2412,4196.658,-0.31233263
sd21,E:\437 project\dataset\train\fake\fake_36265_SD21.jpg,0.72004384,22.850151,1,121.37947,120.32475,118.575424,3679.8674,3650.9978,3601.649,-0.23700523
sd21,E:\437 project\dataset\train\fake\fake_16105_SD21.jpg,0.5570046,14.342578,1,104.3152,93.77838,84.56175,4286.289,3847.1143,3660.0203,-0.45686483
sd21,E:\437 project\dataset\train\fake\fake_33721_SD21.jpg,0.5733614,18.051764,1,132.05905,134.79196,126.26137,5843.494,3305.884,4485.182,0.64523554
sd21,E:\437 project\dataset\train\fake\fake_26203_SD21.jpg,0.56999755,19.870363,1,115.106995,103.51027,109.16431,5441.576,4598.7363,4644.375,0.6012707
sd21,E:\437 project\dataset\train\fake\fake_09301_SD21.jpg,0.519195,22.748766,1,132.55168,131.89883,131.86967,6955.2607,7012.975,7127.862,-2.3647728
sd21,E:\437 project\dataset\train\fake\fake_01381_SD21.jpg,0.41062388,10.151563,1,141.8325,140.3761,142.15436,4274.231,3788.8306,3469.8633,-0.02273357
sd21,E:\437 project\dataset\train\fake\fake_03205_SD21.jpg,0.36093432,13.444117,1,121.957245,122.81688,121.732376,4128.0967,4232.877,4146.579,0.27889657
sd21,E:\437 project\dataset\train\fake\fake_01435_SD21.jpg,0.5708623,24.213629,1,115.262924,115.25607,115.204956,6075.688,6075.998,6073.563,-0.51277494
sd21,E:\437 project\dataset\train\fake\fake_36583_SD21.jpg,0.55207145,10.984003,1,126.36258,109.1362,94.48381,2503.7344,2352.0088,3396.12,0.12546062
sd21,E:\437 project\dataset\train\fake\fake_32647_SD21.jpg,0.60869604,14.858723,1,107.57918,93.59625,87.594894,2370.1426,1475.8118,616.4361,-0.09193373
sd21,E:\437 project\dataset\train\fake\fake_35641_SD21.jpg,0.48182026,15.554915,1,128.89629,118.91939,104.49887,4222.99,4128.648,4450.057,0.31028008
sd21,E:\437 project\dataset\train\fake\fake_22903_SD21.jpg,0.4428755,8.983012,1,115.86894,110.99791,88.4111,1303.0087,1933.4608,2457.4119,-0.09346652
sd21,E:\437 project\dataset\train\fake\fake_35521_SD21.jpg,0.569532,18.874516,1,121.041275,110.73663,111.01427,5246.02,5407.7417,6306.406,-0.11713076
sd21,E:\437 project\dataset\train\fake\fake_18799_SD21.jpg,0.49177238,14.881308,1,133.46259,97.533356,97.21712,4407.0063,3876.8896,3871.942,-0.19727516
sd21,E:\437 project\dataset\train\fake\fake_11329_SD21.jpg,0.56443715,16.470924,1,124.387405,80.554016,78.76573,4418.264,3638.9236,3603.3254,0.039217472
sd21,E:\437 project\dataset\train\fake\fake_07969_SD21.jpg,0.368363,12.834559,1,119.23018,107.58655,97.09183,3982.3542,3605.4722,3593.7,-1.5524757
sd21,E:\437 project\dataset\train\fake\fake_20299_SD21.jpg,0.40646458,14.244121,1,127.073044,123.36241,116.32593,2941.1345,3158.5322,3413.272,-0.87723756
sd21,E:\437 project\dataset\train\fake\fake_08725_SD21.jpg,0.7472724,18.34258,1,109.43466,104.63228,98.309555,2543.8215,2162.9365,2240.666,-0.56478786
sd21,E:\437 project\dataset\train\fake\fake_34297_SD21.jpg,0.3331436,10.347733,1,145.07045,127.40994,115.7628,2947.9604,2913.9785,3204.423,0.2561469
sd21,E:\437 project\dataset\train\fake\fake_34657_SD21.jpg,0.5035427,14.252906,1,130.98209,118.28584,75.00951,2829.9028,3684.7197,2913.9739,0.4477663
sd21,E:\437 project\dataset\train\fake\fake_12829_SD21.jpg,0.49290755,15.857258,1,119.57881,107.056076,105.00992,3560.0796,3043.8542,3384.0977,0.0424819
sd21,E:\437 project\dataset\train\fake\fake_26653_SD21.jpg,0.5817468,13.751655,1,124.48453,107.53096,104.36517,5451.883,4593.2695,4399.4688,-0.37288618
sd21,E:\437 project\dataset\train\fake\fake_15457_SD21.jpg,0.5351867,9.973667,1,101.49808,91.819336,84.58116,2441.8032,2472.3774,2494.5764,-0.15447211
sd21,E:\437 project\dataset\train\fake\fake_13633_SD21.jpg,0.57160383,18.460993,1,115.68681,115.65849,115.545166,3676.5361,3675.7622,3671.0718,0.50390196
sd21,E:\437 project\dataset\train\fake\fake_15709_SD21.jpg,0.4660166,11.536187,1,133.48282,122.37608,97.25557,2790.7422,2757.4368,2996.1096,0.26492906
sd21,E:\437 project\dataset\train\fake\fake_38131_SD21.jpg,0.61364686,15.175217,1,123.59549,118.92445,104.13011,3497.9026,2493.8005,2865.957,0.25367975
sd21,E:\437 project\dataset\train\fake\fake_15739_SD21.jpg,0.6780977,17.325071,1,106.18591,98.54306,88.57205,3551.3088,3032.9138,3515.5461,0.14594316
sd21,E:\437 project\dataset\train\fake\fake_02809_SD21.jpg,0.4701381,16.42751,1,147.60706,134.49323,124.52217,3817.6357,4522.4473,5565.53,-1.1364846
sd21,E:\437 project\dataset\train\fake\fake_00475_SD21.jpg,0.41996673,13.702089,1,112.1362,110.86702,95.12276,2319.3157,2203.2678,3258.8655,-0.18677616
sd21,E:\437 project\dataset\train\fake\fake_38155_SD21.jpg,0.49020597,11.690279,1,115.09685,126.60075,130.5494,4885.7847,2775.2163,2159.5364,-0.68818784
sd21,E:\437 project\dataset\train\fake\fake_29719_SD21.jpg,0.36489835,9.637152,1,135.3713,129.87532,94.9102,3223.7908,2002.5934,1549.4108,0.7173853
sd21,E:\437 project\dataset\train\fake\fake_20779_SD21.jpg,0.6272138,13.654933,1,110.245865,101.54794,68.541504,3826.2966,4049.9487,5193.1846,0.65201235
sd21,E:\437 project\dataset\train\fake\fake_12379_SD21.jpg,0.48930904,22.397228,1,113.90677,113.85272,113.586136,5337.7363,5334.479,5332.5615,-2.1186304
sd21,E:\437 project\dataset\train\fake\fake_29263_SD21.jpg,0.5378233,13.029628,1,114.93297,92.30322,76.99303,2395.3835,2047.2616,1810.8015,-1.3521385
sd21,E:\437 project\dataset\train\fake\fake_38215_SD21.jpg,0.51797354,18.43826,1,140.5324,141.94695,150.24107,3041.5977,3219.5513,3671.7795,0.45863914
sd21,E:\437 project\dataset\train\fake\fake_23599_SD21.jpg,0.4186865,11.163024,1,153.41919,152.7291,152.36537,3736.352,3620.7708,3630.589,1.2741878
sd21,E:\437 project\dataset\train\fake\fake_33043_SD21.jpg,0.4885415,25.27393,1,133.68463,136.4943,133.91374,3871.495,3465.3525,4033.2996,-0.51854265
sd21,E:\437 project\dataset\train\fake\fake_38779_SD21.jpg,0.31529662,8.114141,1,119.20393,117.87161,118.00371,2524.1396,2580.3552,2971.0737,0.90166926
sd21,E:\437 project\dataset\train\fake\fake_19033_SD21.jpg,0.4326229,13.648409,1,130.88194,116.11229,101.76451,3827.8027,3752.6555,4759.318,-0.30351567
sd21,E:\437 project\dataset\train\fake\fake_11365_SD21.jpg,0.4764563,20.415041,1,138.41116,107.29294,90.84665,5688.4565,5602.5264,5839.4854,0.46124697
sd21,E:\437 project\dataset\train\fake\fake_13237_SD21.jpg,0.5494663,6.3611484,1,142.65729,116.03633,113.118744,1643.9213,2489.4907,1841.5565,-0.5102682
sd21,E:\437 project\dataset\train\fake\fake_05965_SD21.jpg,0.54498357,17.264395,1,127.340256,120.15137,121.087204,3193.5913,3235.9043,3835.1187,1.472075
sd21,E:\437 project\dataset\train\fake\fake_10807_SD21.jpg,0.65729696,17.24659,1,139.32391,136.5701,132.79167,3907.8352,3899.0242,3894.1296,0.59508944
sd21,E:\437 project\dataset\train\fake\fake_41089_SD21.jpg,0.49149102,15.5308,1,129.25175,131.20305,120.40033,4204.276,3658.57,3923.8677,-0.6465049
sd21,E:\437 project\dataset\train\fake\fake_08713_SD21.jpg,0.5632458,17.448088,1,113.88298,120.73665,102.1709,4245.61,3998.4753,5085.1113,0.09376907
sd21,E:\437 project\dataset\train\fake\fake_09517_SD21.jpg,0.5561872,15.609705,1,127.3927,101.653595,93.349365,2025.9535,3415.8977,4143.4985,-0.91230345
sd21,E:\437 project\dataset\train\fake\fake_24079_SD21.jpg,0.25333604,6.2374134,1,142.70782,129.47807,114.89377,1941.0181,2178.2258,3119.757,-0.016727567
sd21,E:\437 project\dataset\train\fake\fake_02743_SD21.jpg,0.57401615,22.366442,1,116.50438,106.21794,78.16269,4367.0864,3658.5515,4250.4585,-0.2875905
sd21,E:\437 project\dataset\train\fake\fake_08707_SD21.jpg,0.40942016,20.472628,1,149.56044,140.31711,132.53848,3999.2163,4399.0967,4910.9355,-1.1470375
sd21,E:\437 project\dataset\train\fake\fake_35785_SD21.jpg,0.44320711,16.263704,1,126.01358,108.29172,87.65318,4722.7993,4978.5923,5187.663,0.096952915
sd21,E:\437 project\dataset\train\fake\fake_32209_SD21.jpg,0.67699206,15.386234,1,112.159424,112.27794,96.79555,3695.7498,2724.7734,4366.7593,-0.009451866
sd21,E:\437 project\dataset\train\fake\fake_02623_SD21.jpg,0.5170106,17.974335,1,131.34651,101.45039,89.28046,5477.2656,4693.8687,4782.002,-0.25443268
sd21,E:\437 project\dataset\train\fake\fake_35677_SD21.jpg,0.32536492,8.1565895,1,126.08757,118.94374,113.66188,2383.696,2366.3142,2450.0166,0.6648518
sd21,E:\437 project\dataset\train\fake\fake_30073_SD21.jpg,0.5408551,15.931887,1,122.197815,119.674164,110.28836,5312.353,4921.9463,5576.953,0.32009792
sd21,E:\437 project\dataset\train\fake\fake_11827_SD21.jpg,0.47685713,17.21316,1,122.41426,115.48367,84.885635,4744.807,3715.1714,3945.9304,-0.017394066
sd21,E:\437 project\dataset\train\fake\fake_30157_SD21.jpg,0.31440547,8.925265,1,134.51651,113.12254,119.69263,4201.873,5508.887,6731.6973,-0.15720844
sd21,E:\437 project\dataset\train\fake\fake_16297_SD21.jpg,0.58716905,15.356885,1,104.4379,110.95706,67.54547,3539.4922,2818.7644,3553.897,0.051344395
sd21,E:\437 project\dataset\train\fake\fake_02815_SD21.jpg,0.65424925,13.496747,1,112.890656,118.94089,78.63631,3650.5735,3037.985,4293.21,0.1308732
sd21,E:\437 project\dataset\train\fake\fake_03019_SD21.jpg,0.5118414,12.239508,1,120.86766,113.76311,110.76207,2912.0786,3311.7097,3881.4385,0.08651006
sd21,E:\437 project\dataset\train\fake\fake_06283_SD21.jpg,0.425858,20.218504,1,138.70651,121.49977,106.558426,3988.9219,4629.8813,5360.7354,-0.26509285
sd21,E:\437 project\dataset\train\fake\fake_20161_SD21.jpg,0.66672313,17.033686,1,112.866516,100.59509,90.14113,2796.0625,2339.1135,2172.3044,-0.21749163
sd21,E:\437 project\dataset\train\fake\fake_35635_SD21.jpg,0.39543778,13.083401,1,130.69742,118.57086,114.0863,3712.9688,3082.2688,2633.3037,-1.1462879
sd21,E:\437 project\dataset\train\fake\fake_23227_SD21.jpg,0.49749961,8.926858,1,134.22958,120.877014,102.84972,2140.011,2307.0623,2681.559,0.29450393
sd21,E:\437 project\dataset\train\fake\fake_23575_SD21.jpg,0.6040872,17.554846,1,134.11029,116.73265,106.34837,4899.4453,3745.039,4173.365,-0.6582422
sd21,E:\437 project\dataset\train\fake\fake_36601_SD21.jpg,0.42768407,8.573845,1,155.91222,153.62196,146.46196,2207.799,2476.4688,2978.349,-0.21151567
sd21,E:\437 project\dataset\train\fake\fake_28585_SD21.jpg,0.39499593,6.890909,1,131.44931,134.46776,136.99118,754.34656,708.0342,678.16205,0.22037685
sd21,E:\437 project\dataset\train\fake\fake_32479_SD21.jpg,0.478212,8.822488,1,124.51866,117.91684,106.01303,704.4808,931.96356,2310.5496,0.07241857
sd21,E:\437 project\dataset\train\fake\fake_21691_SD21.jpg,0.3822918,8.589397,1,128.7895,123.28662,112.74808,2145.931,1909.2352,1858.6787,0.4242978
sd21,E:\437 project\dataset\train\fake\fake_36937_SD21.jpg,0.59980345,17.187307,1,118.94609,117.17569,117.960556,3334.3582,3865.8845,3515.185,-0.30184174
sd21,E:\437 project\dataset\train\fake\fake_02839_SD21.jpg,0.61544365,14.462874,1,131.57478,103.55386,88.081406,4772.8257,4194.4463,4486.8413,-0.1036787
sd21,E:\437 project\dataset\train\fake\fake_36499_SD21.jpg,0.5035285,8.302245,1,138.20854,123.250534,106.66646,667.8452,767.2911,935.3916,0.031962633
sd21,E:\437 project\dataset\train\fake\fake_17317_SD21.jpg,0.690112,32.66771,1,116.77144,124.846436,134.31798,2933.1736,3685.8408,4168.95,-0.14806557
sd21,E:\437 project\dataset\train\fake\fake_09325_SD21.jpg,0.4894265,19.133007,1,129.21686,129.21425,129.10168,4742.853,4743.467,4755.241,-0.90275
sd21,E:\437 project\dataset\train\fake\fake_24763_SD21.jpg,0.42442313,11.486263,1,125.090866,144.73422,168.11668,4591.8574,3873.1584,3210.5093,-0.18206167
sd21,E:\437 project\dataset\train\fake\fake_11641_SD21.jpg,0.65483516,18.04168,1,106.04657,102.39349,99.51593,3553.0596,2464.3179,2408.032,-0.7289715
sd21,E:\437 project\dataset\train\fake\fake_37117_SD21.jpg,0.43645853,5.9143314,1,116.82805,114.21971,83.98659,2023.4508,2222.9202,3544.833,0.118234634
sd21,E:\437 project\dataset\train\fake\fake_35683_SD21.jpg,0.41838562,11.823424,1,120.43858,120.4393,120.39723,2819.5767,2819.7705,2818.0789,-0.49568224
sd21,E:\437 project\dataset\train\fake\fake_32755_SD21.jpg,0.45918307,13.524586,1,132.74161,130.08336,122.91135,1229.0002,1260.6201,1217.2817,0.19596326
sd21,E:\437 project\dataset\train\fake\fake_40087_SD21.jpg,0.46753144,20.788464,1,108.414734,108.414734,108.158844,3932.5884,3932.5884,3937.5967,0.030463219
sd21,E:\437 project\dataset\train\fake\fake_38983_SD21.jpg,0.514714,12.618559,1,142.186,130.81674,123.03563,3367.858,3959.3364,4274.3804,-0.8358145
sd21,E:\437 project\dataset\train\fake\fake_36901_SD21.jpg,0.7010599,16.14846,1,106.464874,120.28534,79.69141,3766.0566,3793.3284,3868.5234,-0.24228048
sd21,E:\437 project\dataset\train\fake\fake_17401_SD21.jpg,0.47799066,12.3850155,1,171.18292,164.47754,158.43877,2778.0103,3364.3567,4118.801,0.33449793
sd21,E:\437 project\dataset\train\fake\fake_07207_SD21.jpg,0.6300567,17.852062,1,134.84723,109.11037,112.75835,4436.166,4287.458,4232.004,-0.009279251
sd21,E:\437 project\dataset\train\fake\fake_34285_SD21.jpg,0.61934936,11.028354,1,109.37993,106.687546,57.17607,2587.519,2580.3137,1788.5023,-0.27068424
sd21,E:\437 project\dataset\train\fake\fake_37615_SD21.jpg,0.70169103,8.16006,1,106.690796,99.3414,82.51903,1556.4094,1014.11365,1422.6854,-0.059934855
sd21,E:\437 project\dataset\train\fake\fake_03211_SD21.jpg,0.48525074,14.877693,1,114.68588,114.68588,114.65997,4041.747,4041.747,4041.3218,0.0818305
sd21,E:\437 project\dataset\train\fake\fake_34135_SD21.jpg,0.5129883,19.544304,1,133.31433,132.75012,132.84946,3483.5354,3012.2498,2734.126,0.6438532
sd21,E:\437 project\dataset\train\fake\fake_22399_SD21.jpg,0.50189483,9.760619,1,147.69461,121.244095,61.932373,1692.0026,2366.8906,6395.2734,3.0928998
sd21,E:\437 project\dataset\train\fake\fake_34795_SD21.jpg,0.5299524,12.554604,1,125.617905,118.49577,100.20567,2674.4082,2639.9673,3944.7615,0.5025797
sd21,E:\437 project\dataset\train\fake\fake_17245_SD21.jpg,0.5794211,14.493106,1,108.801254,100.278,88.00693,3681.8914,3462.7034,3723.067,2.4503803
sd21,E:\437 project\dataset\train\fake\fake_31069_SD21.jpg,0.3498509,7.7502856,1,115.939896,114.57199,112.48964,2918.1816,3031.987,3023.5876,0.13781369
sd21,E:\437 project\dataset\train\fake\fake_18853_SD21.jpg,0.4628967,21.129429,1,123.85104,123.335785,121.90843,5241.8013,5205.2812,5129.698,0.2451458
sd21,E:\437 project\dataset\train\fake\fake_18679_SD21.jpg,0.47902068,15.053345,1,114.55942,115.07909,119.85933,5123.7935,5680.4673,7844.6313,-0.64355254
sd21,E:\437 project\dataset\train\fake\fake_22837_SD21.jpg,0.30624306,7.320709,1,131.66737,120.65881,106.05025,4477.754,4260.1963,4104.9272,-0.15949702
sd21,E:\437 project\dataset\train\fake\fake_30229_SD21.jpg,0.68030113,23.629538,1,130.49042,140.33954,153.26457,3517.4155,4635.522,5925.986,0.076404095
sd21,E:\437 project\dataset\train\fake\fake_24319_SD21.jpg,0.4236739,19.007254,1,125.190125,129.45299,125.53757,5928.9565,7925.0024,9295.689,0.33568048
sd21,E:\437 project\dataset\train\fake\fake_18259_SD21.jpg,0.37429458,8.363514,1,140.77814,108.79021,87.35359,2513.0044,1023.50134,502.60175,0.06126964
sd21,E:\437 project\dataset\train\fake\fake_08011_SD21.jpg,0.36623928,14.033671,1,127.12787,123.753876,118.70401,6455.674,5304.603,5101.438,0.10031271
sd21,E:\437 project\dataset\train\fake\fake_37465_SD21.jpg,0.42441657,15.657853,1,109.43753,120.47304,125.92076,2944.3103,3171.3875,3394.0925,0.14111042
sd21,E:\437 project\dataset\train\fake\fake_16585_SD21.jpg,0.42442226,9.646773,1,124.356064,125.64224,121.34859,2767.408,2304.0518,2596.4304,0.35717583
sd21,E:\437 project\dataset\train\fake\fake_33367_SD21.jpg,0.47823927,20.756685,1,145.37213,141.91609,135.6396,5383.3535,5564.489,4778.499,-0.34977722
sd21,E:\437 project\dataset\train\fake\fake_11785_SD21.jpg,0.27260807,14.861028,1,128.47026,127.21367,119.82413,5421.578,6151.952,9530.522,-0.30801487
sd21,E:\437 project\dataset\train\fake\fake_09355_SD21.jpg,0.5748226,5.7139306,1,115.201416,99.46724,67.326324,1256.3835,949.3118,616.35736,-0.15377164
sd21,E:\437 project\dataset\train\fake\fake_01111_SD21.jpg,0.4824163,16.649513,1,132.04639,122.1116,112.260345,5334.5435,4768.4854,4200.4526,-1.831934
sd21,E:\437 project\dataset\train\fake\fake_33187_SD21.jpg,0.4951626,12.736269,1,128.02248,114.74126,89.97681,2248.0786,1815.7185,1950.7051,-0.3215437
sd21,E:\437 project\dataset\train\fake\fake_30427_SD21.jpg,0.4448066,16.438581,1,120.18318,104.72496,96.72974,5500.2656,4101.009,4698.977,0.6690173
sd21,E:\437 project\dataset\train\fake\fake_40279_SD21.jpg,0.3924023,12.793044,1,118.86928,109.951324,104.778046,3828.1167,4410.9263,3050.2861,0.5461023
sd21,E:\437 project\dataset\train\fake\fake_35047_SD21.jpg,0.5338841,20.123003,1,117.40753,118.024734,119.67624,4574.2783,4300.5938,4203.1484,0.01086235
sd21,E:\437 project\dataset\train\fake\fake_38515_SD21.jpg,0.32955956,8.939678,1,143.82788,112.47443,98.99065,2169.1335,3532.2183,3221.2617,-0.10957003
sd21,E:\437 project\dataset\train\fake\fake_21973_SD21.jpg,0.4154688,9.024499,1,116.66101,104.42201,93.13292,4597.924,4652.3687,6255.395,-0.17523026
sd21,E:\437 project\dataset\train\fake\fake_21451_SD21.jpg,0.59513825,17.332214,1,120.45036,123.91525,107.22809,2710.856,2836.2898,3821.1616,0.2761631
sd21,E:\437 project\dataset\train\fake\fake_12463_SD21.jpg,0.5521454,12.591716,1,114.36813,126.81595,136.24084,3826.2534,2547.9177,4838.2866,0.43165326
sd21,E:\437 project\dataset\train\fake\fake_09007_SD21.jpg,0.58986855,19.470112,1,117.57611,120.963455,134.10896,5311.0415,4873.691,5171.5615,-0.6935506
sd21,E:\437 project\dataset\train\fake\fake_01399_SD21.jpg,0.36853948,7.9333634,1,135.24007,123.97859,112.65431,2937.0488,3016.0408,3304.553,-0.10601902
sd21,E:\437 project\dataset\train\fake\fake_32935_SD21.jpg,0.58094156,22.83332,1,141.19888,141.15775,140.14665,1944.0874,1944.1888,1929.3096,0.19985247
sd21,E:\437 project\dataset\train\fake\fake_08989_SD21.jpg,0.3206489,12.811695,1,133.51848,133.54271,133.46558,4692.1187,4691.4844,4697.796,0.0057430267
sd21,E:\437 project\dataset\train\fake\fake_28537_SD21.jpg,0.5394368,14.319221,1,146.60039,135.96591,142.21962,4378.17,4455.941,4631.4575,0.23148847
sd21,E:\437 project\dataset\train\fake\fake_26455_SD21.jpg,0.6100445,12.565969,1,108.49013,114.24072,72.89871,2527.6628,2406.6262,2420.1558,0.58961487
sd21,E:\437 project\dataset\train\fake\fake_22303_SD21.jpg,0.46780914,12.925357,1,128.28317,132.23724,129.72107,4493.989,3569.4731,3377.7632,0.10063243
sd21,E:\437 project\dataset\train\fake\fake_14989_SD21.jpg,0.5404241,13.794411,1,114.20926,110.20361,104.62193,2823.0945,2866.7422,2988.04,0.16398573
sd21,E:\437 project\dataset\train\fake\fake_04405_SD21.jpg,0.5127685,10.904336,1,128.2021,103.93767,77.12108,3710.8777,2216.269,2154.3354,-0.08166027
sd21,E:\437 project\dataset\train\fake\fake_09895_SD21.jpg,0.54689616,13.613868,1,116.58415,112.57945,100.75267,3470.7156,3054.6401,3294.8992,-0.20866632
sd21,E:\437 project\dataset\train\fake\fake_11737_SD21.jpg,0.28172392,3.1286032,1,125.81415,125.81592,123.8546,689.1275,688.66644,687.9083,0.30578983
sd21,E:\437 project\dataset\train\fake\fake_38953_SD21.jpg,0.36583757,14.235002,1,126.46471,128.34505,126.20329,4362.6094,4369.5776,4395.453,0.60830617
sd21,E:\437 project\dataset\train\fake\fake_13657_SD21.jpg,0.42513824,8.487415,1,109.36014,104.82439,104.839584,1700.8158,1637.8789,2098.5615,0.5028142
sd21,E:\437 project\dataset\train\fake\fake_24751_SD21.jpg,0.41757745,15.507375,1,146.67154,143.57593,143.20609,4126.2354,4509.703,5523.365,-0.50531983
sd21,E:\437 project\dataset\train\fake\fake_26785_SD21.jpg,0.37652126,10.614466,1,113.56035,98.975494,87.450134,4139.8354,3396.7278,2969.1074,0.60773396
sd21,E:\437 project\dataset\train\fake\fake_38755_SD21.jpg,0.40101722,14.208256,1,138.01434,132.9779,127.650696,4541.168,4847.174,6334.2095,0.31680608
sd21,E:\437 project\dataset\train\fake\fake_18265_SD21.jpg,0.49071673,21.60247,1,117.260345,97.13435,84.82347,6199.844,5588.6167,5435.283,-0.24585342
sd21,E:\437 project\dataset\train\fake\fake_09493_SD21.jpg,0.47645667,8.7995205,1,108.31615,115.81033,66.78905,608.5894,588.5557,406.8753,-0.05438757
sd21,E:\437 project\dataset\train\fake\fake_31633_SD21.jpg,0.42531168,13.23072,1,149.4096,148.36653,145.52373,3763.0608,4048.0022,4521.244,-0.17826462
sd21,E:\437 project\dataset\train\fake\fake_14251_SD21.jpg,0.58977824,15.435192,1,129.29787,128.99454,123.88905,2068.7852,2019.7871,2293.046,-0.041177988
sd21,E:\437 project\dataset\train\fake\fake_24211_SD21.jpg,0.38946298,10.755266,1,143.94577,112.86934,98.37027,4233.551,2838.156,2740.1804,0.25112844
sd21,E:\437 project\dataset\train\fake\fake_11215_SD21.jpg,0.4373808,16.075134,1,103.63074,136.32518,105.02486,4857.799,2309.9492,5150.3784,-1.0833075
sd21,E:\437 project\dataset\train\fake\fake_29935_SD21.jpg,0.41911063,13.513474,1,116.18518,108.73154,80.76225,4253.8364,2878.5312,4168.933,0.40503788
sd21,E:\437 project\dataset\train\fake\fake_34927_SD21.jpg,0.72925895,13.752105,1,123.01225,121.08937,121.25101,2395.6775,2372.8438,4174.838,0.22151995
sd21,E:\437 project\dataset\train\fake\fake_18541_SD21.jpg,0.42823434,10.053533,1,134.33095,121.22592,113.204346,3560.936,4221.465,5145.3,0.2294941
sd21,E:\437 project\dataset\train\fake\fake_29407_SD21.jpg,0.50892615,13.307544,1,118.21927,113.94328,111.64453,3577.3286,3149.9258,3510.0464,0.19630527
sd21,E:\437 project\dataset\train\fake\fake_01303_SD21.jpg,0.5427502,15.011757,1,117.114044,108.07291,81.25667,4904.573,3172.2893,3599.0034,0.1414814
sd21,E:\437 project\dataset\train\fake\fake_29989_SD21.jpg,0.46061552,21.872458,1,129.6135,141.60606,156.90755,2186.5564,3040.7124,5439.7056,0.2656834
sd21,E:\437 project\dataset\train\fake\fake_27217_SD21.jpg,0.45937192,4.651059,1,130.03247,124.82846,112.41025,482.0633,315.5408,346.05154,-0.15165532
sd21,E:\437 project\dataset\train\fake\fake_20533_SD21.jpg,0.6121006,20.711763,1,133.24396,120.314865,120.23772,4154.267,4423.177,6406.25,-0.94997835
sd21,E:\437 project\dataset\train\fake\fake_19615_SD21.jpg,0.51512015,15.049074,1,158.76027,138.00662,129.15742,3461.794,2926.0088,3748.8254,-0.4109187
sd21,E:\437 project\dataset\train\fake\fake_04057_SD21.jpg,0.50393903,10.780088,1,126.87416,125.05403,97.32332,1947.8271,2758.003,4368.08,-0.25129366
sd21,E:\437 project\dataset\train\fake\fake_40345_SD21.jpg,0.40341446,17.936785,1,136.4142,129.16003,124.63225,5068.3945,4456.8354,3881.8486,-0.13156366
sd21,E:\437 project\dataset\train\fake\fake_31261_SD21.jpg,0.42769367,13.949206,1,142.40727,128.27734,119.430725,4005.871,3199.1885,3144.9546,0.20489836
sd21,E:\437 project\dataset\train\fake\fake_20479_SD21.jpg,0.44594166,12.206875,1,99.28508,113.52228,130.82948,3442.9058,3300.4778,3297.3735,-0.026904583
sd21,E:\437 project\dataset\train\fake\fake_25969_SD21.jpg,0.6355365,12.566264,1,114.12958,96.81619,72.33522,4700.6724,2860.097,2833.2847,-0.43569136
sd21,E:\437 project\dataset\train\fake\fake_08521_SD21.jpg,0.501151,10.954982,1,123.66434,120.08086,113.649216,4397.208,2203.9495,1554.2562,-0.55912304
sd21,E:\437 project\dataset\train\fake\fake_25519_SD21.jpg,0.55572695,20.305004,1,118.980835,114.19385,110.19333,2778.5535,2815.4182,2808.4895,0.08356857
sd21,E:\437 project\dataset\train\fake\fake_02287_SD21.jpg,0.27988005,7.767251,1,122.95979,105.485245,94.02298,2687.77,2484.1514,2844.2546,-0.03666854
sd21,E:\437 project\dataset\train\fake\fake_36289_SD21.jpg,0.5136305,11.587823,1,131.97528,130.30367,127.48662,2770.0515,3390.0757,3716.709,-0.76028943
sd21,E:\437 project\dataset\train\fake\fake_40531_SD21.jpg,0.5111709,16.390839,1,125.328354,128.3255,139.9472,2545.2493,3363.8098,3581.1958,-0.19389153
sd21,E:\437 project\dataset\train\fake\fake_06949_SD21.jpg,0.59021294,14.604619,1,107.043045,107.25856,86.95863,2405.7576,2369.6921,3801.7712,0.29578924
sd21,E:\437 project\dataset\train\fake\fake_19711_SD21.jpg,0.35825935,12.391761,1,115.18692,124.70758,125.302444,2767.048,3414.955,3572.6238,0.2761476
sd21,E:\437 project\dataset\train\fake\fake_32767_SD21.jpg,0.37509272,13.334329,1,128.10559,110.330505,92.04367,4394.154,3882.0254,4738.6006,0.8485298
sd21,E:\437 project\dataset\train\fake\fake_27709_SD21.jpg,0.5994663,12.502393,1,108.36592,97.706116,63.95369,3256.8596,3400.7788,1893.5607,-0.1635561
sd21,E:\437 project\dataset\train\fake\fake_04417_SD21.jpg,0.37495455,8.295308,1,130.0748,123.324875,117.67403,3341.6326,3060.2908,3080.8875,1.2322036
sd21,E:\437 project\dataset\train\fake\fake_13939_SD21.jpg,0.5672738,12.11527,1,128.0005,113.5186,79.969666,3451.519,2186.8386,2805.094,0.029783726
sd21,E:\437 project\dataset\train\fake\fake_01015_SD21.jpg,0.4460316,11.193906,1,141.2518,133.73834,124.490524,2640.2217,3244.8892,3570.2905,0.1578219
sd21,E:\437 project\dataset\train\fake\fake_15907_SD21.jpg,0.43891513,21.441744,1,120.92407,107.67958,80.07214,6777.1167,4718.9595,5264.747,0.21970272
sd21,E:\437 project\dataset\train\fake\fake_04099_SD21.jpg,0.4987568,14.605311,1,142.30125,136.12299,131.34166,3340.3318,3305.3252,3722.4172,-0.16680598
sd21,E:\437 project\dataset\train\fake\fake_04453_SD21.jpg,0.5665756,20.90087,1,126.54193,128.72856,122.82864,4691.087,4072.0322,4364.8364,-0.09716511
sd21,E:\437 project\dataset\train\fake\fake_12793_SD21.jpg,0.60834813,15.839904,1,119.974655,121.67189,77.528076,4209.596,2961.495,3151.2969,0.09228325
sd21,E:\437 project\dataset\train\fake\fake_07051_SD21.jpg,0.59319615,20.963625,1,132.9544,125.52841,121.63902,3205.6172,4035.7554,5155.2563,-0.38434768
sd21,E:\437 project\dataset\train\fake\fake_02359_SD21.jpg,0.5740093,14.103505,1,116.80188,120.51256,97.32832,4999.0493,2918.8682,3929.0193,0.6552696
sd21,E:\437 project\dataset\train\fake\fake_05821_SD21.jpg,0.42459926,8.255294,1,139.02156,128.29364,120.350204,1219.2057,1188.7261,1304.1666,-0.5808462
sd21,E:\437 project\dataset\train\fake\fake_33643_SD21.jpg,0.50024027,12.216966,1,113.82097,99.62314,89.508835,3088.685,3169.5093,3205.5671,0.35227728
sd21,E:\437 project\dataset\train\fake\fake_32413_SD21.jpg,0.4469285,8.852146,1,117.975525,113.39342,101.742676,1404.389,1563.4875,2698.0334,0.0014243126
sd21,E:\437 project\dataset\train\fake\fake_23965_SD21.jpg,0.64662296,13.359558,1,119.84038,137.04132,132.75743,1528.4537,2487.4714,4936.478,0.35439897
sd21,E:\437 project\dataset\train\fake\fake_29509_SD21.jpg,0.61465067,14.145659,1,129.19238,127.26869,119.91885,2774.9385,2736.3567,3898.1003,-0.65527534
sd21,E:\437 project\dataset\train\fake\fake_08275_SD21.jpg,0.42359096,5.8611083,1,151.1307,151.0004,149.29642,983.5504,998.7984,1077.7762,-0.026907265
sd21,E:\437 project\dataset\train\fake\fake_33565_SD21.jpg,0.36733645,13.432862,1,135.8188,135.78337,135.7769,4438.927,4443.705,4444.0615,0.8465595
sd21,E:\437 project\dataset\train\fake\fake_30931_SD21.jpg,0.39187574,13.258716,1,127.521164,127.51236,127.45079,4806.166,4806.7544,4807.3125,-0.57346296
sd21,E:\437 project\dataset\train\fake\fake_26191_SD21.jpg,0.44857416,8.868295,1,101.46884,94.4919,82.957565,2136.7632,2143.7517,2433.5195,0.22027707
sd21,E:\437 project\dataset\train\fake\fake_01075_SD21.jpg,0.41485626,9.241602,1,130.01428,120.7643,104.690155,1868.2023,1599.7773,1318.3885,-0.1350267
sd21,E:\437 project\dataset\train\fake\fake_15475_SD21.jpg,0.42724308,14.820315,1,121.60887,112.71214,89.22055,4658.5654,4060.5566,3993.033,0.019879341
sd21,E:\437 project\dataset\train\fake\fake_39415_SD21.jpg,0.44026586,10.726065,1,109.67758,108.09177,105.37744,4336.2837,4282.6816,4213.618,0.026058197
sd21,E:\437 project\dataset\train\fake\fake_10099_SD21.jpg,0.47733134,9.888337,1,123.89224,110.437164,103.97888,3066.0352,2656.2751,2601.2783,-0.21823311
sd21,E:\437 project\dataset\train\fake\fake_09397_SD21.jpg,0.53104436,12.729525,1,123.913345,111.20233,85.70537,2526.1519,2208.3838,1582.4716,0.24604034
sd21,E:\437 project\dataset\train\fake\fake_41893_SD21.jpg,0.5937577,15.568944,1,117.73596,132.45163,78.28587,3261.907,3136.0115,3919.297,0.08385754
sd21,E:\437 project\dataset\train\fake\fake_32671_SD21.jpg,0.2370317,5.285123,1,143.36609,134.4429,127.51004,2096.8865,2863.5676,3128.188,0.42746753
sd21,E:\437 project\dataset\train\fake\fake_06649_SD21.jpg,0.49032083,12.584442,1,145.55208,138.39528,130.14825,2739.6523,2758.867,2963.6323,0.52921724
sd21,E:\437 project\dataset\train\fake\fake_18763_SD21.jpg,0.4968039,21.659058,1,108.209564,100.76437,103.443054,4402.757,3712.337,3379.9307,0.39995956
sd21,E:\437 project\dataset\train\fake\fake_39163_SD21.jpg,0.45648125,10.4621105,1,120.26576,128.19962,135.47676,1609.7389,1584.8347,1607.8108,0.06529021
sd21,E:\437 project\dataset\train\fake\fake_27205_SD21.jpg,0.3584039,7.6425767,1,123.61861,122.94978,121.06535,2250.3218,3062.6248,3056.4287,0.07120538
sd21,E:\437 project\dataset\train\fake\fake_28897_SD21.jpg,0.5370941,13.013237,1,124.36984,113.11804,110.68921,3055.2773,3044.0237,4096.684,-0.061246634
sd3,E:\437 project\dataset\train\fake\fake_39003_SD3.jpg,0.3986215,11.161191,1,166.96304,166.97797,170.99507,3620.396,3552.34,4022.4119,-0.18180907
sd3,E:\437 project\dataset\train\fake\fake_17667_SD3.jpg,0.49276432,18.642872,1,127.187454,116.7502,106.79767,7840.844,6199.859,5301.7983,-0.30678654
sd3,E:\437 project\dataset\train\fake\fake_12147_SD3.jpg,0.590751,15.378607,1,155.5707,153.07933,152.83415,2212.8816,2199.9626,2659.555,0.073311925
sd3,E:\437 project\dataset\train\fake\fake_01581_SD3.jpg,0.40040234,8.898187,1,155.11784,146.81679,134.81334,2164.2385,2425.7056,2770.4688,0.26031816
sd3,E:\437 project\dataset\train\fake\fake_26103_SD3.jpg,0.4963319,10.40281,1,48.131287,54.054962,77.9431,2375.0085,1672.2106,1654.0314,0.041728497
sd3,E:\437 project\dataset\train\fake\fake_20547_SD3.jpg,0.52872854,19.240736,1,130.4015,127.63313,118.96036,6209.1206,6832.328,8375.918,0.2901783
sd3,E:\437 project\dataset\train\fake\fake_40491_SD3.jpg,0.40382165,7.903453,1,174.44742,162.66335,147.25305,3393.4004,2779.9917,2544.1414,-0.24410409
sd3,E:\437 project\dataset\train\fake\fake_37293_SD3.jpg,0.6785517,24.384726,1,150.55966,127.82297,72.87541,6322.7964,5478.9717,3897.6182,-0.008743286
sd3,E:\437 project\dataset\train\fake\fake_38175_SD3.jpg,0.3993911,14.391649,1,134.32932,125.493546,114.47464,11689.844,10825.331,10720.541,0.73820233
sd3,E:\437 project\dataset\train\fake\fake_33537_SD3.jpg,0.38803813,13.566028,1,137.5917,142.24644,93.82495,5024.0396,4821.931,5739.9673,0.0039663315
sd3,E:\437 project\dataset\train\fake\fake_00795_SD3.jpg,0.36866835,11.710581,1,166.80246,162.84439,157.30566,3643.5647,3687.818,3798.4412,-0.29612446
sd3,E:\437 project\dataset\train\fake\fake_38439_SD3.jpg,0.4611419,11.961177,1,98.492615,94.26997,87.315094,7438.113,6026.7754,4418.817,-0.12547803
sd3,E:\437 project\dataset\train\fake\fake_25677_SD3.jpg,0.54208106,15.808321,1,178.77672,198.91544,151.53242,3086.3525,3453.7188,12638.473,-0.15670228
sd3,E:\437 project\dataset\train\fake\fake_14391_SD3.jpg,0.48992708,16.98277,1,118.71474,115.19449,105.84801,4501.8223,4048.5645,3952.7078,0.7411518
sd3,E:\437 project\dataset\train\fake\fake_34275_SD3.jpg,0.50322294,20.206112,1,114.505066,114.53708,109.98126,5453.1006,5330.304,5780.965,0.52765894
sd3,E:\437 project\dataset\train\fake\fake_19527_SD3.jpg,0.6777005,13.005478,1,148.6579,162.46637,176.95515,3302.523,3585.486,4134.1523,0.4849689
sd3,E:\437 project\dataset\train\fake\fake_36159_SD3.jpg,0.69196695,18.704445,1,113.28133,133.16382,129.50647,5797.194,6252.585,8906.327,0.5354514
sd3,E:\437 project\dataset\train\fake\fake_13587_SD3.jpg,0.51007116,14.478697,1,117.07071,101.065475,64.41934,5248.568,3810.403,2908.206,0.5279417
sd3,E:\437 project\dataset\train\fake\fake_11649_SD3.jpg,0.51465744,12.936158,1,165.12521,166.44598,171.57333,3399.2585,3552.2969,3960.68,0.6469481
sd3,E:\437 project\dataset\train\fake\fake_04581_SD3.jpg,0.4059392,9.487408,1,175.42242,144.73026,129.3053,3691.5208,6725.62,8522.797,-0.08074105
sd3,E:\437 project\dataset\train\fake\fake_19059_SD3.jpg,0.49732116,17.773584,1,149.36214,128.88205,98.78439,4683.2646,5514.5967,5435.651,-0.0043268204
sd3,E:\437 project\dataset\train\fake\fake_18273_SD3.jpg,0.5434434,14.155888,1,144.35815,154.61945,160.04129,3892.1172,1928.6387,1438.114,0.08433938
sd3,E:\437 project\dataset\train\fake\fake_18387_SD3.jpg,0.69233984,21.930155,1,153.28323,167.89621,67.10886,3600.89,4864.724,1102.6478,0.016036987
sd3,E:\437 project\dataset\train\fake\fake_00609_SD3.jpg,0.3816821,13.153722,1,134.36044,151.21284,146.43315,1678.7316,3025.6355,6224.6333,0.44890857
sd3,E:\437 project\dataset\train\fake\fake_37425_SD3.jpg,0.4459544,14.300276,1,178.46251,184.30592,157.63599,2283.0784,3171.5452,10452.171,-0.23310709
sd3,E:\437 project\dataset\train\fake\fake_08229_SD3.jpg,0.6138018,15.348148,1,142.47054,107.403656,103.32254,4588.341,3826.823,3858.6924,-0.06114006
sd3,E:\437 project\dataset\train\fake\fake_03753_SD3.jpg,0.5639439,17.194458,1,150.9635,155.9189,159.80841,3796.1116,3241.5303,3802.9287,0.17489552
sd3,E:\437 project\dataset\train\fake\fake_23499_SD3.jpg,0.47695243,21.23597,1,123.64064,119.964325,118.656265,7043.5767,6824.3574,6943.916,-0.40994835
sd3,E:\437 project\dataset\train\fake\fake_06453_SD3.jpg,0.3993391,13.085818,1,147.61528,168.74779,190.66382,8330.662,6250.842,6450.2744,-0.113396406
sd3,E:\437 project\dataset\train\fake\fake_19539_SD3.jpg,0.5559774,14.339701,1,141.39859,137.06165,127.71033,3912.4744,3489.769,3105.8953,0.32011628
sd3,E:\437 project\dataset\train\fake\fake_13899_SD3.jpg,0.51596236,18.743208,1,120.57652,126.99852,72.3799,1945.2324,2009.8079,1618.0026,0.034265995
sd3,E:\437 project\dataset\train\fake\fake_03369_SD3.jpg,0.3321791,15.357597,1,139.9101,141.61548,85.96817,5292.843,5095.395,4076.5159,-0.50305843
sd3,E:\437 project\dataset\train\fake\fake_32667_SD3.jpg,0.3600038,8.40512,1,165.0696,131.7516,103.807785,4387.5576,4029.2026,3907.1829,0.3979833
sd3,E:\437 project\dataset\train\fake\fake_30621_SD3.jpg,0.5376541,13.662126,1,163.04247,150.5439,168.9502,7732.6133,2649.7654,1305.5182,-0.06949091
sd3,E:\437 project\dataset\train\fake\fake_18045_SD3.jpg,0.35839528,14.713144,1,161.34483,152.66325,136.38023,3928.194,3775.9868,5115.5303,0.04267025
sd3,E:\437 project\dataset\train\fake\fake_06693_SD3.jpg,0.5166826,18.719585,1,172.1975,149.9969,117.20889,5114.3174,5038.981,4618.6606,-0.81096125
sd3,E:\437 project\dataset\train\fake\fake_23451_SD3.jpg,0.4095677,11.215773,1,164.88127,159.5961,152.92691,2975.622,3403.8252,3988.9563,0.5984454
sd3,E:\437 project\dataset\train\fake\fake_12921_SD3.jpg,0.6096723,20.32633,1,136.7749,137.20345,160.59921,8909.838,8149.6406,4746.508,0.0010175705
sd3,E:\437 project\dataset\train\fake\fake_37341_SD3.jpg,0.4384231,12.764621,1,169.07927,156.19815,144.03801,2340.3333,3278.5295,4137.864,0.08323097
sd3,E:\437 project\dataset\train\fake\fake_31749_SD3.jpg,0.5980732,13.221509,1,110.14534,121.134995,129.57661,3632.2354,3258.2095,6628.85,0.37067318
sd3,E:\437 project\dataset\train\fake\fake_21057_SD3.jpg,0.7343648,15.062658,1,114.45688,117.09848,100.979935,2413.405,2196.033,3075.4429,-0.10447979
sd3,E:\437 project\dataset\train\fake\fake_07725_SD3.jpg,0.48566055,3.5465927,1,157.54915,201.80591,231.63405,310.4615,152.66208,144.99515,0.10663545
sd3,E:\437 project\dataset\train\fake\fake_01473_SD3.jpg,0.5991819,18.950556,1,139.59978,156.24858,174.16333,3637.993,4575.7773,6058.153,0.19789839
sd3,E:\437 project\dataset\train\fake\fake_10773_SD3.jpg,0.41191292,10.830278,1,158.55142,125.749664,99.288956,2970.1406,4709.504,5726.7354,-0.3823421
sd3,E:\437 project\dataset\train\fake\fake_31521_SD3.jpg,0.5790846,16.314548,1,167.98466,133.42873,101.541885,3731.1003,3593.849,3873.9893,0.28694057
sd3,E:\437 project\dataset\train\fake\fake_18195_SD3.jpg,0.6609431,19.095984,1,123.25659,117.14407,104.31868,7217.6323,7503.324,8437.625,0.09551096
sd3,E:\437 project\dataset\train\fake\fake_17175_SD3.jpg,0.50989336,8.835165,1,133.46887,148.18912,151.48233,3623.11,3828.519,5305.38,-0.3430369
sd3,E:\437 project\dataset\train\fake\fake_16041_SD3.jpg,0.40289557,9.917349,1,141.2968,168.44962,197.84987,2259.8342,3568.7092,6574.6113,0.07833648
sd3,E:\437 project\dataset\train\fake\fake_35925_SD3.jpg,0.6162959,17.643837,1,126.1077,125.22766,122.95816,3155.2156,3014.8936,2837.5625,0.08358526
sd3,E:\437 project\dataset\train\fake\fake_01065_SD3.jpg,0.40425643,8.027625,1,135.90472,131.95459,130.45352,2743.8027,3290.7458,3729.8176,-0.24042225
sd3,E:\437 project\dataset\train\fake\fake_38805_SD3.jpg,0.53513664,7.369968,1,120.010574,144.56723,123.639755,3662.2178,3037.7317,7582.3857,0.24019909
sd3,E:\437 project\dataset\train\fake\fake_00225_SD3.jpg,0.3391331,13.897151,1,139.18265,137.88348,137.99014,12645.982,12813.718,13054.127,-0.6931571
sd3,E:\437 project\dataset\train\fake\fake_20379_SD3.jpg,0.41339928,11.153494,1,153.47832,140.8802,132.10083,3964.9927,4750.289,5602.318,-0.16566801
sd3,E:\437 project\dataset\train\fake\fake_22857_SD3.jpg,0.6180169,18.642673,1,153.52652,161.05583,160.05302,2450.9622,3647.9536,7631.217,0.2810297
sd3,E:\437 project\dataset\train\fake\fake_28251_SD3.jpg,0.42146164,12.338687,1,186.69675,168.49646,154.18068,3227.7317,3324.4893,3486.091,0.64604115
sd3,E:\437 project\dataset\train\fake\fake_20199_SD3.jpg,0.5337039,12.830708,1,115.36868,129.13745,126.749725,5318.1904,5539.2134,7008.9297,-0.7098737
sd3,E:\437 project\dataset\train\fake\fake_28035_SD3.jpg,0.4749504,12.283827,1,164.23787,169.01819,168.81943,2498.9873,3325.9338,4107.6523,-0.039472222
sd3,E:\437 project\dataset\train\fake\fake_03513_SD3.jpg,0.5547889,20.56987,1,147.93628,152.3058,104.971436,6648.6445,6669.211,4510.78,0.067322254
sd3,E:\437 project\dataset\train\fake\fake_08631_SD3.jpg,0.48909777,21.43962,1,131.87808,138.51144,131.56699,6470.992,6103.9805,6715.536,0.31862068
sd3,E:\437 project\dataset\train\fake\fake_06135_SD3.jpg,0.4150404,13.576642,1,193.4422,162.69627,130.56804,3464.887,4645.197,8931.691,-0.057418346
sd3,E:\437 project\dataset\train\fake\fake_03267_SD3.jpg,0.32253247,14.285121,1,195.78708,158.17271,103.95119,4816.182,6934.061,8739.739,-0.031332493
sd3,E:\437 project\dataset\train\fake\fake_23283_SD3.jpg,0.4556349,20.09019,1,184.20009,153.06778,111.997406,5874.514,3380.2573,3539.087,-0.51843977
sd3,E:\437 project\dataset\train\fake\fake_06447_SD3.jpg,0.4299797,11.105875,1,132.99802,115.690475,105.655075,4538.216,5563.9526,6046.741,0.5131166
sd3,E:\437 project\dataset\train\fake\fake_23799_SD3.jpg,0.37834558,7.9985805,1,159.7707,148.16219,137.06845,4660.2173,4708.219,4723.461,0.053602338
sd3,E:\437 project\dataset\train\fake\fake_15297_SD3.jpg,0.535609,17.62656,1,56.933914,59.20688,62.16861,3735.833,3833.7424,4188.485,0.5196476
sd3,E:\437 project\dataset\train\fake\fake_29565_SD3.jpg,0.4182506,13.813505,1,126.95239,125.53967,125.16853,6865.4355,6881.6357,7126.0835,0.2690606
sd3,E:\437 project\dataset\train\fake\fake_04515_SD3.jpg,0.85033107,14.9301,1,128.00119,145.66432,87.7773,1350.7731,2174.0005,1981.0804,0.12608528
sd3,E:\437 project\dataset\train\fake\fake_28875_SD3.jpg,0.6466243,14.574327,1,149.19194,131.77461,133.66678,4198.56,3272.2,7361.006,-0.0036222935
sd3,E:\437 project\dataset\train\fake\fake_25821_SD3.jpg,0.51494956,13.066347,1,61.813156,57.619446,76.418976,5514.7236,4398.4062,6317.7505,0.3152783
sd3,E:\437 project\dataset\train\fake\fake_29631_SD3.jpg,1.0076472,17.459324,1,135.86925,143.90555,175.6081,6088.295,5145.5293,6640.895,-0.054783344
sd3,E:\437 project\dataset\train\fake\fake_20601_SD3.jpg,0.4631116,21.657969,1,117.87007,131.91412,127.00943,7367.573,7452.952,8443.441,0.26421213
sd3,E:\437 project\dataset\train\fake\fake_09639_SD3.jpg,0.52362704,17.824247,1,147.97748,138.03648,112.99867,5261.947,4532.835,5580.084,-0.17597866
sd3,E:\437 project\dataset\train\fake\fake_23493_SD3.jpg,0.433702,10.210349,1,106.46283,118.480576,97.338196,4628.6714,3525.0388,5889.619,-0.04767418
sd3,E:\437 project\dataset\train\fake\fake_41781_SD3.jpg,0.42993802,7.659235,1,184.67126,162.75642,144.24869,2428.0532,2402.7622,2382.5269,0.21744263
sd3,E:\437 project\dataset\train\fake\fake_39897_SD3.jpg,0.5527525,17.142403,1,126.86096,131.04816,125.833405,2374.8994,2168.0356,2395.304,0.15496254
sd3,E:\437 project\dataset\train\fake\fake_12705_SD3.jpg,0.51591325,21.548264,1,153.16795,137.90495,101.67723,4731.8315,4843.0586,3843.3918,-0.86328554
sd3,E:\437 project\dataset\train\fake\fake_14643_SD3.jpg,0.40383145,20.434477,1,185.99393,172.07391,163.66692,8207.047,8555.635,9039.698,0.42613316
sd3,E:\437 project\dataset\train\fake\fake_26061_SD3.jpg,0.5791419,14.180812,1,122.25195,123.00139,132.0168,4057.4924,4266.6455,7539.739,-0.06895375
sd3,E:\437 project\dataset\train\fake\fake_11607_SD3.jpg,0.63021886,24.335684,1,109.417816,109.35211,109.33194,9105.369,9105.977,9108.106,-0.24016523
sd3,E:\437 project\dataset\train\fake\fake_13197_SD3.jpg,0.45017135,15.833484,1,122.4957,116.19841,99.77257,6408.9443,6027.8076,6764.8403,-0.1712985
sd3,E:\437 project\dataset\train\fake\fake_00303_SD3.jpg,0.602703,16.427467,1,133.9975,134.82251,134.94801,4191.2085,4787.9473,6145.3013,-0.6561279
sd3,E:\437 project\dataset\train\fake\fake_21837_SD3.jpg,0.39601278,12.296061,1,113.62486,91.02905,64.1456,5014.2773,5102.2954,5100.3823,0.6979747
sd3,E:\437 project\dataset\train\fake\fake_28599_SD3.jpg,0.76791215,24.115393,1,153.443,163.09633,117.32332,5121.139,4085.7166,5206.9146,0.8207407
sd3,E:\437 project\dataset\train\fake\fake_41715_SD3.jpg,0.56490785,22.987305,1,121.1747,121.04649,124.14409,6332.564,6030.743,6112.914,-0.14973974
sd3,E:\437 project\dataset\train\fake\fake_17163_SD3.jpg,0.45363975,14.541933,1,148.26784,147.04405,148.71838,6688.3037,7007.9014,7413.3096,-0.029779434
sd3,E:\437 project\dataset\train\fake\fake_18495_SD3.jpg,0.39898276,7.93571,1,183.2571,140.75864,105.03615,2740.5527,2915.5977,3959.275,0.116891146
sd3,E:\437 project\dataset\train\fake\fake_32601_SD3.jpg,0.6842758,18.06726,1,134.34828,128.71242,134.68387,5156.931,8276.783,9968.439,0.62386084
sd3,E:\437 project\dataset\train\fake\fake_02577_SD3.jpg,0.56791556,16.899298,1,137.77177,141.51683,136.11461,6553.552,6015.144,7040.5386,0.12143278
sd3,E:\437 project\dataset\train\fake\fake_41349_SD3.jpg,0.4459572,21.004234,1,116.40842,116.92465,109.098236,6632.0366,8405.899,9794.181,0.16909337
sd3,E:\437 project\dataset\train\fake\fake_24927_SD3.jpg,0.41773224,10.878247,1,153.15422,106.824554,77.77881,2899.8914,4391.8423,5277.0283,0.3552897
sd3,E:\437 project\dataset\train\fake\fake_23337_SD3.jpg,0.4081557,11.246382,1,186.8871,175.43517,165.42168,2291.0447,2363.3015,2378.3098,-0.09425986
sd3,E:\437 project\dataset\train\fake\fake_08475_SD3.jpg,0.4156848,17.462637,1,137.64731,137.96057,141.77356,7974.957,7877.7134,7564.095,-0.2352817
sd3,E:\437 project\dataset\train\fake\fake_10395_SD3.jpg,0.56530994,18.091553,1,191.84592,172.174,158.55986,3483.308,2995.5952,3582.9976,0.25984573
sd3,E:\437 project\dataset\train\fake\fake_13497_SD3.jpg,0.6935111,15.298229,1,122.96405,141.81828,144.70052,3250.9717,4939.1045,8005.944,0.43928766
sd3,E:\437 project\dataset\train\fake\fake_39891_SD3.jpg,0.6913608,11.20627,1,162.81467,162.55359,151.24565,3148.069,2397.497,3057.3445,-0.39408493
sd3,E:\437 project\dataset\train\fake\fake_16689_SD3.jpg,0.36979488,13.057342,1,178.8708,190.63419,204.24716,2507.4448,3107.5935,3914.6267,0.3859843
sd3,E:\437 project\dataset\train\fake\fake_26127_SD3.jpg,0.34335762,11.137308,1,145.02133,126.33998,110.95128,5075.3735,5547.308,6097.7725,0.11286104
sd3,E:\437 project\dataset\train\fake\fake_23679_SD3.jpg,0.38815328,10.070793,1,160.35736,142.77153,123.38783,4734.9956,3714.049,3563.6143,0.9273137
sd3,E:\437 project\dataset\train\fake\fake_27111_SD3.jpg,0.4215061,12.06024,1,111.7935,118.57663,119.05849,5064.279,4878.0557,5288.85,0.16058397
sd3,E:\437 project\dataset\train\fake\fake_22779_SD3.jpg,0.4928703,15.486058,1,129.60114,114.58284,98.275085,5561.47,6394.5547,7056.5586,-0.0023126602
sd3,E:\437 project\dataset\train\fake\fake_25479_SD3.jpg,0.46637857,21.492281,1,160.91655,133.17639,92.49548,4154.0693,4606.1274,4411.0835,0.11701584
sd3,E:\437 project\dataset\train\fake\fake_24651_SD3.jpg,0.3374468,14.972876,1,173.44572,150.6599,139.13768,8684.575,7410.48,6773.8413,0.0941174
sd3,E:\437 project\dataset\train\fake\fake_33891_SD3.jpg,0.56049246,18.220604,1,103.60225,104.796936,101.385666,9474.385,6878.62,7968.687,0.015553951
sd3,E:\437 project\dataset\train\fake\fake_13641_SD3.jpg,0.44076887,14.894321,1,133.83572,139.44049,126.17563,6779.7173,6018.607,7970.1377,0.32162523
sd3,E:\437 project\dataset\train\fake\fake_20355_SD3.jpg,0.66515267,15.328946,1,134.87518,128.7168,122.88208,6040.0645,6750.4326,7100.394,0.08569574
sd3,E:\437 project\dataset\train\fake\fake_34641_SD3.jpg,0.6760056,24.081156,1,101.70253,111.25845,84.723526,4383.7124,4336.077,3655.0708,-0.007472992
sd3,E:\437 project\dataset\train\fake\fake_13839_SD3.jpg,0.5733628,16.27449,1,93.22542,101.92879,75.90259,4956.976,4522.584,4954.3896,0.16934776
sd3,E:\437 project\dataset\train\fake\fake_27357_SD3.jpg,0.6648127,16.070255,1,120.960144,129.45706,98.649826,4692.6167,5699.704,8662.843,0.033218384
sd3,E:\437 project\dataset\train\fake\fake_21747_SD3.jpg,0.43647048,15.158894,1,153.30925,146.71828,138.55405,9330.318,8957.875,9199.199,0.5070548
sd3,E:\437 project\dataset\train\fake\fake_34887_SD3.jpg,0.5323048,16.111437,1,120.94499,127.744736,105.60608,4787.9404,3915.9521,4831.386,1.2636032
sd3,E:\437 project\dataset\train\fake\fake_10443_SD3.jpg,0.37119353,11.21383,1,151.2996,128.91214,111.463684,3982.1445,4595.6836,4862.7656,-0.016980886
sd3,E:\437 project\dataset\train\fake\fake_33663_SD3.jpg,0.44618416,14.796236,1,130.05408,139.04198,119.78148,5107.9795,5799.2495,8274.323,-0.047083855
sd3,E:\437 project\dataset\train\fake\fake_12711_SD3.jpg,0.48442185,20.41157,1,96.790634,112.206726,97.40669,6548.8164,5512.154,6520.7817,0.2762413
sd3,E:\437 project\dataset\train\fake\fake_36267_SD3.jpg,0.8422309,14.101019,1,139.41692,153.96259,134.21147,2206.6665,3527.2537,7409.521,-0.07873106
sd3,E:\437 project\dataset\train\fake\fake_16107_SD3.jpg,0.64333016,19.964315,1,113.836334,105.78357,100.941376,4670.5806,4353.1724,4829.991,0.25951767
sd3,E:\437 project\dataset\train\fake\fake_33723_SD3.jpg,0.49173245,11.275495,1,156.45634,143.35391,117.436295,3516.8936,2526.732,4223.5474,0.13229632
sd3,E:\437 project\dataset\train\fake\fake_26205_SD3.jpg,0.46900883,13.347571,1,136.63739,112.57147,109.8237,3363.6917,3680.0073,3359.6616,0.41761923
sd3,E:\437 project\dataset\train\fake\fake_09303_SD3.jpg,0.46432927,14.269792,1,140.2067,160.10638,180.18803,4701.2354,5957.899,7912.7495,-0.5009848
sd3,E:\437 project\dataset\train\fake\fake_01383_SD3.jpg,0.38286942,10.501155,1,164.08124,149.82486,136.81895,3771.3655,4275.2134,4727.5513,-0.018040776
sd3,E:\437 project\dataset\train\fake\fake_03207_SD3.jpg,0.6412119,14.735923,1,153.44667,161.2521,169.50078,4421.5156,5018.652,5531.603,-0.04442644
sd3,E:\437 project\dataset\train\fake\fake_01437_SD3.jpg,0.56252223,18.313553,1,105.337555,98.53441,91.84534,5512.656,5195.388,5025.9673,0.15927362
sd3,E:\437 project\dataset\train\fake\fake_36585_SD3.jpg,0.39344218,14.802781,1,172.6599,167.28679,139.40614,5523.9204,4758.726,5654.534,0.3080995
sd3,E:\437 project\dataset\train\fake\fake_32649_SD3.jpg,0.56733125,20.582682,1,144.78098,142.28123,82.441864,5517.263,4530.3203,4516.4214,0.17303562
sd3,E:\437 project\dataset\train\fake\fake_35643_SD3.jpg,0.3478637,13.191366,1,146.72922,141.01512,109.59595,3656.546,2637.3486,3565.1199,0.44460654
sd3,E:\437 project\dataset\train\fake\fake_22905_SD3.jpg,0.54378396,16.061573,1,122.25534,128.1216,112.27179,5038.3833,5152.623,7821.9873,0.4471202
sd3,E:\437 project\dataset\train\fake\fake_35523_SD3.jpg,0.6888375,25.68775,1,119.884705,127.84932,118.785965,7011.956,7668.153,8754.46,1.0775623
sd3,E:\437 project\dataset\train\fake\fake_18801_SD3.jpg,0.5104749,13.244899,1,165.49901,133.55869,131.01921,5481.8833,7227.425,7111.057,0.899312
sd3,E:\437 project\dataset\train\fake\fake_11331_SD3.jpg,0.6077339,14.247962,1,51.997635,50.196716,63.34401,3176.3904,2467.3936,4371.435,0.7928486
sd3,E:\437 project\dataset\train\fake\fake_07971_SD3.jpg,0.46222666,14.226099,1,163.95863,146.90054,131.05666,2863.3223,3873.9375,5045.2646,-0.36424112
sd3,E:\437 project\dataset\train\fake\fake_20301_SD3.jpg,0.45349938,10.635865,1,156.73384,143.3911,125.432465,2562.6235,2634.011,3234.061,-0.16219878
sd3,E:\437 project\dataset\train\fake\fake_08727_SD3.jpg,0.7379745,18.692408,1,135.36235,146.96844,155.06126,3699.0642,6416.048,8468.854,0.5158367
sd3,E:\437 project\dataset\train\fake\fake_34299_SD3.jpg,0.49666035,14.30157,1,156.1904,144.3997,136.11475,5406.7363,5262.878,5601.17,0.35944033
sd3,E:\437 project\dataset\train\fake\fake_34659_SD3.jpg,0.77113974,16.441635,1,116.31859,123.30669,70.25305,3118.6648,3493.185,2607.133,0.20272255
sd3,E:\437 project\dataset\train\fake\fake_12831_SD3.jpg,0.6056237,23.102638,1,135.9138,122.41989,118.594986,4740.879,4491.832,4964.165,0.19744968
sd3,E:\437 project\dataset\train\fake\fake_26655_SD3.jpg,0.48802072,11.4571295,1,134.28589,152.81297,171.87927,5492.8022,4406.738,4694.1133,-0.13679159
sd3,E:\437 project\dataset\train\fake\fake_15459_SD3.jpg,0.5320723,12.464437,1,69.54373,69.481476,69.09451,4783.8276,4777.92,4783.31,0.16485715
sd3,E:\437 project\dataset\train\fake\fake_13635_SD3.jpg,0.54476255,16.089691,1,142.41467,135.98557,126.641556,4370.757,3989.2773,3634.991,0.32243443
sd3,E:\437 project\dataset\train\fake\fake_15711_SD3.jpg,0.52015847,18.489016,1,165.82208,165.31783,117.746735,6182.0127,5523.2476,7150.662,0.080124855
sd3,E:\437 project\dataset\train\fake\fake_38133_SD3.jpg,0.3872203,17.18701,1,122.46434,140.51935,127.147964,8048.3306,6539.654,9988.385,0.65360355
sd3,E:\437 project\dataset\train\fake\fake_15741_SD3.jpg,0.61293924,17.460884,1,147.43796,149.99173,143.60811,5852.0522,7034.0625,8178.695,0.44645166
sd3,E:\437 project\dataset\train\fake\fake_02811_SD3.jpg,0.5169149,12.999876,1,179.857,169.7875,161.00423,2302.1829,2568.5667,2964.8093,0.23592901
sd3,E:\437 project\dataset\train\fake\fake_00477_SD3.jpg,0.43861395,17.161463,1,170.71945,197.51689,105.422424,3866.53,3724.9258,9536.849,0.20712161
sd3,E:\437 project\dataset\train\fake\fake_38157_SD3.jpg,0.40837842,8.794003,1,177.47006,180.8031,182.80412,3858.668,3364.1462,3445.7134,0.3222307
sd3,E:\437 project\dataset\train\fake\fake_29721_SD3.jpg,0.33836615,10.099189,1,113.95528,144.5965,118.79465,11409.932,9043.148,8281.603,0.05065155
sd3,E:\437 project\dataset\train\fake\fake_20781_SD3.jpg,0.6174582,16.83931,1,136.10452,142.61557,118.375244,6268.131,6661.296,9334.364,-0.35037708
sd3,E:\437 project\dataset\train\fake\fake_12381_SD3.jpg,0.6023868,21.126482,1,123.70761,123.375046,123.48732,5726.322,5737.3203,5734.922,0.6512284
sd3,E:\437 project\dataset\train\fake\fake_29265_SD3.jpg,0.4907462,10.935958,1,106.170105,94.241455,83.001114,4441.6353,3356.8247,2464.305,0.7530432
sd3,E:\437 project\dataset\train\fake\fake_38217_SD3.jpg,0.565828,18.130804,1,155.5605,160.016,172.95685,4811.959,5168.355,6078.822,0.2953117
sd3,E:\437 project\dataset\train\fake\fake_23601_SD3.jpg,0.42162213,10.440796,1,186.23438,181.57828,179.47218,3036.2834,3253.8713,3207.104,0.09062648
sd3,E:\437 project\dataset\train\fake\fake_33045_SD3.jpg,0.43372256,18.03189,1,116.51532,113.27582,110.47609,7011.633,6980.592,7274.67,4.0850663
sd3,E:\437 project\dataset\train\fake\fake_38781_SD3.jpg,0.46969652,8.912882,1,157.8189,138.81581,121.73729,3440.934,2094.3892,2181.214,0.25871646
sd3,E:\437 project\dataset\train\fake\fake_19035_SD3.jpg,0.34766915,12.365363,1,131.39816,104.5596,86.69748,5800.544,4826.3315,4261.4287,-0.1356864
sd3,E:\437 project\dataset\train\fake\fake_11367_SD3.jpg,0.40234455,15.859097,1,144.38594,101.05582,74.137115,6200.444,7163.6235,6868.6924,0.009252548
sd3,E:\437 project\dataset\train\fake\fake_13239_SD3.jpg,0.4898593,14.6760435,1,109.4279,147.07541,194.75746,2614.079,3755.0938,7567.6377,0.023999214
sd3,E:\437 project\dataset\train\fake\fake_05967_SD3.jpg,0.5437847,19.026508,1,127.575806,139.42622,151.77988,6633.5312,7933.778,9552.716,0.5742774
sd3,E:\437 project\dataset\train\fake\fake_10809_SD3.jpg,0.41132382,8.635416,1,146.09947,114.16202,95.355606,3354.2703,3660.1514,3460.1687,0.8086159
sd3,E:\437 project\dataset\train\fake\fake_41091_SD3.jpg,0.5514173,15.387887,1,129.88916,131.63278,125.19237,5092.0596,4420.7856,5235.7725,0.16372132
sd3,E:\437 project\dataset\train\fake\fake_08715_SD3.jpg,0.6495104,24.33669,1,168.36253,172.2793,155.21846,5718.5376,6652.2017,10323.387,-0.04582548
sd3,E:\437 project\dataset\train\fake\fake_09519_SD3.jpg,0.50825864,9.931876,1,129.30708,146.40121,143.96077,1473.7499,1991.1643,4297.7144,0.05918622
sd3,E:\437 project\dataset\train\fake\fake_24081_SD3.jpg,0.60264575,12.117923,1,181.9642,174.91443,165.48613,2515.5242,2924.5469,3946.0835,0.39064503
sd3,E:\437 project\dataset\train\fake\fake_02745_SD3.jpg,0.617574,21.168417,1,147.31169,145.31728,109.938644,4377.319,5077.3135,7641.9575,0.5502243
sd3,E:\437 project\dataset\train\fake\fake_08709_SD3.jpg,0.48474553,17.11333,1,163.89539,142.84485,127.61731,3892.7402,4506.0664,5215.459,0.12135577
sd3,E:\437 project\dataset\train\fake\fake_35787_SD3.jpg,0.40407318,15.659465,1,136.37712,124.537994,94.734924,5195.6177,4412.7593,5139.2207,0.4901924
sd3,E:\437 project\dataset\train\fake\fake_32211_SD3.jpg,0.6991109,13.794784,1,130.86392,142.90598,150.28447,2817.928,3885.176,7021.8276,-0.03961587
sd3,E:\437 project\dataset\train\fake\fake_02625_SD3.jpg,0.5654315,18.298721,1,126.286255,81.23967,69.38278,9425.685,4300.644,4413.8228,0.21948338
sd3,E:\437 project\dataset\train\fake\fake_35679_SD3.jpg,0.3895694,8.284096,1,167.3861,165.65115,163.44406,3005.3596,3285.5803,3563.0957,-0.26238978
sd3,E:\437 project\dataset\train\fake\fake_30075_SD3.jpg,0.562735,20.907446,1,146.2584,114.69864,108.049805,7855.783,6816.4497,7253.4214,-0.7716956
sd3,E:\437 project\dataset\train\fake\fake_11829_SD3.jpg,0.8232906,20.291897,1,136.13992,123.38486,88.79472,4389.146,3372.0093,2739.4834,-0.3223009
sd3,E:\437 project\dataset\train\fake\fake_30159_SD3.jpg,0.4208691,12.779975,1,174.78941,147.37369,129.01572,4639.858,3900.7283,4203.9644,-0.18526888
sd3,E:\437 project\dataset\train\fake\fake_16299_SD3.jpg,0.6994117,15.618387,1,118.071365,115.818085,89.29739,6580.951,4466.5312,4541.9927,-0.15732479
sd3,E:\437 project\dataset\train\fake\fake_02817_SD3.jpg,0.50761545,9.86636,1,132.2743,149.12065,68.006165,860.61334,675.2928,1570.7426,-0.018720627
sd3,E:\437 project\dataset\train\fake\fake_03021_SD3.jpg,0.59789985,12.853351,1,153.7938,147.12825,141.73976,1619.2942,1432.1108,1707.0182,0.2432673
sd3,E:\437 project\dataset\train\fake\fake_06285_SD3.jpg,0.5645647,21.46282,1,154.9286,132.2033,109.3439,3257.664,4332.506,5724.213,0.10287452
sd3,E:\437 project\dataset\train\fake\fake_20163_SD3.jpg,0.7030813,19.83537,1,129.84158,120.30682,115.10149,6104.951,6320.141,6343.704,0.93089247
sd3,E:\437 project\dataset\train\fake\fake_35637_SD3.jpg,0.3771941,16.008654,1,134.3801,116.967926,110.94786,7345.1323,6347.282,6852.763,0.4462371
sd3,E:\437 project\dataset\train\fake\fake_23229_SD3.jpg,0.42093703,9.53313,1,175.40466,160.12477,146.3323,2737.411,2426.5112,2307.2205,-0.10364139
sd3,E:\437 project\dataset\train\fake\fake_23577_SD3.jpg,0.67035365,24.412956,1,117.62518,101.68416,102.10814,5996.9717,5577.01,5461.4097,-0.35091734
sd3,E:\437 project\dataset\train\fake\fake_36603_SD3.jpg,0.43864584,8.711008,1,181.63268,178.51416,170.90805,1818.9369,1955.277,2262.7505,0.19383645
sd3,E:\437 project\dataset\train\fake\fake_28587_SD3.jpg,0.4232412,9.590894,1,178.68932,184.53653,198.44249,1591.6476,1463.9318,1348.2924,0.22092223
sd3,E:\437 project\dataset\train\fake\fake_32481_SD3.jpg,0.54285103,14.819195,1,137.12782,162.17305,171.84616,1557.8013,2137.9443,3484.9485,0.28414464
sd3,E:\437 project\dataset\train\fake\fake_21693_SD3.jpg,0.4016189,12.024773,1,143.4645,157.162,121.76918,4343.396,5114.461,6947.562,-0.12763608
sd3,E:\437 project\dataset\train\fake\fake_36939_SD3.jpg,0.57704914,17.10997,1,126.92973,120.10417,115.372314,5682.0244,4689.392,5025.712,0.37328625
sd3,E:\437 project\dataset\train\fake\fake_02841_SD3.jpg,0.6494316,12.614192,1,129.75954,130.36517,69.24527,3584.803,4721.313,5491.1045,0.2552266
sd3,E:\437 project\dataset\train\fake\fake_36501_SD3.jpg,0.57706046,10.398521,1,163.60722,135.51791,107.004196,796.48975,907.2837,1122.7102,0.18575788
sd3,E:\437 project\dataset\train\fake\fake_17319_SD3.jpg,0.514733,21.351711,1,151.01582,168.92282,190.72195,4624.995,5779.0825,7693.9585,0.48781538
sd3,E:\437 project\dataset\train\fake\fake_09327_SD3.jpg,0.54532903,17.142733,1,138.24883,148.50201,159.01048,5100.1475,4897.191,5754.6895,0.6200695
sd3,E:\437 project\dataset\train\fake\fake_24765_SD3.jpg,0.6450981,20.521103,1,155.78583,164.80493,182.18008,5372.067,6582.608,8504.951,-0.12907362
sd3,E:\437 project\dataset\train\fake\fake_11643_SD3.jpg,0.5804177,15.847556,1,124.07695,139.80008,148.24629,4007.9014,5607.3213,9091.972,-0.3041017
sd3,E:\437 project\dataset\train\fake\fake_37119_SD3.jpg,0.37713966,13.051637,1,114.612885,84.54497,68.29811,4209.2646,5008.733,5337.535,-0.2816279
sd3,E:\437 project\dataset\train\fake\fake_35685_SD3.jpg,0.47457513,13.0812025,1,153.10594,130.90263,98.990234,5407.4556,4173.654,2906.5007,0.16169977
sd3,E:\437 project\dataset\train\fake\fake_32757_SD3.jpg,0.5838681,6.5013633,1,93.05818,174.00583,229.31154,443.28934,272.30817,1013.5627,0.15557438
sd3,E:\437 project\dataset\train\fake\fake_40089_SD3.jpg,0.5475692,18.755749,1,104.051865,103.988785,103.96336,7328.1504,7328.0566,7332.474,0.13193607
sd3,E:\437 project\dataset\train\fake\fake_38985_SD3.jpg,0.3818461,10.854334,1,168.49387,154.08266,138.00946,4291.921,4111.998,3859.7932,-0.381423
sd3,E:\437 project\dataset\train\fake\fake_36903_SD3.jpg,0.6532814,17.619913,1,144.33798,157.36761,130.37576,6139.691,6264.39,9367.777,0.42144966
sd3,E:\437 project\dataset\train\fake\fake_17403_SD3.jpg,0.39429015,9.565105,1,184.71791,161.99979,144.85625,2056.5845,2548.5564,3558.5999,-0.16482782
sd3,E:\437 project\dataset\train\fake\fake_07209_SD3.jpg,0.6589504,20.383896,1,141.39586,109.63449,106.521576,5911.527,6111.795,6260.935,0.22612524
sd3,E:\437 project\dataset\train\fake\fake_34287_SD3.jpg,0.78724647,16.298462,1,124.70236,137.93173,75.458176,4335.808,3044.1567,2712.0613,0.5574045
sd3,E:\437 project\dataset\train\fake\fake_37617_SD3.jpg,0.60639095,13.571159,1,152.07002,150.87614,113.14952,3914.4565,2852.8635,5483.113,0.51310205
sd3,E:\437 project\dataset\train\fake\fake_03213_SD3.jpg,0.5568177,14.378233,1,119.34682,127.480774,88.62172,4742.113,3972.3186,2936.0278,0.5101347
sd3,E:\437 project\dataset\train\fake\fake_34137_SD3.jpg,0.4599515,16.972052,1,121.64534,123.502884,122.539825,6504.3784,6462.5186,7229.2876,-0.4823866
sd3,E:\437 project\dataset\train\fake\fake_22401_SD3.jpg,0.41918126,8.006755,1,186.53494,164.76604,85.549576,4466.1743,3804.9128,7837.2783,0.33219552
sd3,E:\437 project\dataset\train\fake\fake_34797_SD3.jpg,0.59899455,14.818319,1,140.12671,133.62225,113.55632,4177.5615,4705.9077,5721.2397,-0.40325022
sd3,E:\437 project\dataset\train\fake\fake_17247_SD3.jpg,0.6695116,18.000427,1,165.61702,126.42511,111.85588,6117.46,6941.125,7110.855,-0.24708557
sd3,E:\437 project\dataset\train\fake\fake_31071_SD3.jpg,0.29466847,10.021015,1,130.16391,124.473495,121.61952,6904.156,6025.364,6248.092,-0.00979948
sd3,E:\437 project\dataset\train\fake\fake_18855_SD3.jpg,0.48666963,13.863377,1,168.49834,162.02936,145.58392,4180.444,4476.5244,6774.598,-0.22390056
sd3,E:\437 project\dataset\train\fake\fake_18681_SD3.jpg,0.3831552,12.190662,1,135.93672,145.90102,165.57108,3654.051,4182.318,5271.21,-0.12861252
sd3,E:\437 project\dataset\train\fake\fake_22839_SD3.jpg,0.37945557,10.13455,1,178.24646,161.29298,143.47829,4772.47,4501.3555,4379.7627,0.19297147
sd3,E:\437 project\dataset\train\fake\fake_30231_SD3.jpg,0.61927086,17.681648,1,131.01735,151.9366,176.42665,5118.556,6177.682,7658.285,0.19199276
sd3,E:\437 project\dataset\train\fake\fake_24321_SD3.jpg,0.4935801,19.67616,1,158.6773,142.93268,133.95651,5618.105,5945.3813,6791.689,-0.34103417
sd3,E:\437 project\dataset\train\fake\fake_18261_SD3.jpg,0.3657087,14.08475,1,148.32776,148.24611,139.30962,7647.202,6410.66,7419.0474,0.15470457
sd3,E:\437 project\dataset\train\fake\fake_08013_SD3.jpg,0.32581037,12.694146,1,136.64897,127.42195,123.796936,7799.11,7675.604,7792.3916,0.02123785
sd3,E:\437 project\dataset\train\fake\fake_37467_SD3.jpg,0.6214087,10.722531,1,99.537094,172.78969,234.0423,2600.2576,1257.3198,1640.4109,0.13902605
sd3,E:\437 project\dataset\train\fake\fake_16587_SD3.jpg,0.4301329,6.6220903,1,150.84918,129.87897,109.68794,2636.5122,3074.057,3132.5225,-0.008265853
sd3,E:\437 project\dataset\train\fake\fake_33369_SD3.jpg,0.5145434,16.718573,1,100.21152,99.16173,100.1817,4147.9316,3952.2146,3920.0786,-0.4716239
sd3,E:\437 project\dataset\train\fake\fake_11787_SD3.jpg,0.49629715,11.94175,1,131.32977,146.53629,89.26959,2573.885,3601.4065,2499.5408,0.13982487
sd3,E:\437 project\dataset\train\fake\fake_09357_SD3.jpg,0.71952087,13.3079815,1,125.85614,128.8754,75.81601,2435.3638,2546.908,2081.2334,-0.100132465
sd3,E:\437 project\dataset\train\fake\fake_01113_SD3.jpg,0.3820954,12.831728,1,142.14716,126.787476,117.31802,4976.1987,5211.508,5375.187,0.27274036
sd3,E:\437 project\dataset\train\fake\fake_33189_SD3.jpg,0.4962778,14.945436,1,135.56802,119.179596,77.92087,4751.0913,3447.3772,3695.9014,0.44717264
sd3,E:\437 project\dataset\train\fake\fake_30429_SD3.jpg,0.4715467,19.796776,1,156.85336,105.56525,95.59682,9893.346,6883.231,8704.462,1.4207878
sd3,E:\437 project\dataset\train\fake\fake_40281_SD3.jpg,0.4023021,19.787077,1,157.90952,142.25037,121.81209,8080.0396,6584.114,5356.0757,-0.30721045
sd3,E:\437 project\dataset\train\fake\fake_35049_SD3.jpg,0.5080262,11.667666,1,116.641266,146.6297,183.1983,3123.2507,4921.077,7631.6064,0.22265029
sd3,E:\437 project\dataset\train\fake\fake_38517_SD3.jpg,0.42406097,11.827674,1,124.285324,60.469254,52.426193,6102.1675,5588.887,4626.829,-0.063730955
sd3,E:\437 project\dataset\train\fake\fake_21975_SD3.jpg,0.7952531,11.763525,1,80.40102,125.68144,120.26456,3070.7104,1368.7847,10357.148,0.211339
sd3,E:\437 project\dataset\train\fake\fake_21453_SD3.jpg,0.53410435,16.167686,1,119.83508,128.69267,106.554474,6869.181,5169.5044,7205.107,-0.3554864
sd3,E:\437 project\dataset\train\fake\fake_12465_SD3.jpg,0.4926459,16.27457,1,83.256744,128.61192,172.71669,7887.152,5096.412,8409.349,0.20505285
sd3,E:\437 project\dataset\train\fake\fake_09009_SD3.jpg,0.46433416,18.564026,1,150.9619,140.85347,145.92041,7205.859,6353.0566,7382.423,-0.32018852
sd3,E:\437 project\dataset\train\fake\fake_01401_SD3.jpg,0.38050732,15.502745,1,136.1748,128.06662,113.67758,5823.679,5144.5967,5597.067,0.6160927
sd3,E:\437 project\dataset\train\fake\fake_32937_SD3.jpg,0.40380076,17.560719,1,173.24017,169.67107,156.83685,2625.2898,4529.5737,8649.801,0.19960117
sd3,E:\437 project\dataset\train\fake\fake_08991_SD3.jpg,0.39514902,18.414461,1,107.918076,109.65851,111.57245,7670.4463,7354.374,6952.3154,0.4668522
sd3,E:\437 project\dataset\train\fake\fake_28539_SD3.jpg,0.5033648,15.446007,1,126.38338,129.72812,132.58829,6498.7124,6115.1143,7049.496,0.50923824
sd3,E:\437 project\dataset\train\fake\fake_26457_SD3.jpg,0.59831035,19.32232,1,139.2548,136.5648,91.5125,5142.365,5038.9434,3631.8108,1.4925776
sd3,E:\437 project\dataset\train\fake\fake_22305_SD3.jpg,0.47088605,14.6743145,1,168.69969,174.28487,173.96225,4040.7188,4324.5645,5014.637,0.048645854
sd3,E:\437 project\dataset\train\fake\fake_14991_SD3.jpg,0.47000352,13.32955,1,142.50885,143.45528,138.88142,4217.4673,4724.8433,6284.78,-0.02887106
sd3,E:\437 project\dataset\train\fake\fake_04407_SD3.jpg,0.38452664,14.153981,1,153.54907,135.55904,91.127365,5481.526,5560.252,5720.2886,-0.38962698
sd3,E:\437 project\dataset\train\fake\fake_09897_SD3.jpg,0.5877768,17.896278,1,140.00627,146.78688,134.97626,4412.3604,3965.4285,5027.2637,0.36431885
sd3,E:\437 project\dataset\train\fake\fake_11739_SD3.jpg,0.3302028,1.9901711,1,107.49057,173.57521,210.46739,2267.6416,631.7959,402.42496,0.04281801
sd3,E:\437 project\dataset\train\fake\fake_38955_SD3.jpg,0.38126758,8.669626,1,184.79718,171.19482,157.35278,1842.112,2052.592,2592.706,0.032587647
sd3,E:\437 project\dataset\train\fake\fake_13659_SD3.jpg,0.42869943,12.917684,1,149.8373,155.74593,166.25667,3357.0522,3488.1821,4443.6836,0.55927646
sd3,E:\437 project\dataset\train\fake\fake_24753_SD3.jpg,0.4993399,12.332267,1,198.33125,193.46283,186.65182,1435.228,1876.9263,2477.5317,-0.1257186
sd3,E:\437 project\dataset\train\fake\fake_26787_SD3.jpg,0.36305004,14.308144,1,90.25682,80.08598,81.15346,7630.978,5409.558,4543.2153,-0.07278943
sd3,E:\437 project\dataset\train\fake\fake_38757_SD3.jpg,0.4964562,23.424187,1,170.55972,161.48393,152.87898,6962.4277,6395.1245,7158.455,1.412643
sd3,E:\437 project\dataset\train\fake\fake_18267_SD3.jpg,0.5439722,16.233063,1,108.23164,77.451965,53.315445,4658.571,3063.4077,2549.662,0.6733084
sd3,E:\437 project\dataset\train\fake\fake_09495_SD3.jpg,0.495097,15.232818,1,141.01805,148.44577,113.969955,4602.262,4643.136,5454.2925,0.046335936
sd3,E:\437 project\dataset\train\fake\fake_31635_SD3.jpg,0.4536976,7.059659,1,164.33838,139.62404,117.62244,2080.0574,2525.5354,2490.895,0.08138907
sd3,E:\437 project\dataset\train\fake\fake_14253_SD3.jpg,0.5345262,12.229714,1,145.10745,148.08429,152.12457,1740.4889,1907.3257,2272.071,-0.2277137
sd3,E:\437 project\dataset\train\fake\fake_24213_SD3.jpg,0.44638756,13.979238,1,161.80649,143.28865,133.09055,5790.1797,6109.035,6869.845,0.4052174
sd3,E:\437 project\dataset\train\fake\fake_11217_SD3.jpg,0.4642454,9.710429,1,154.29102,179.61,185.80139,3038.9216,3672.3247,7784.8584,0.6107271
sd3,E:\437 project\dataset\train\fake\fake_29937_SD3.jpg,0.43861455,11.952949,1,170.84674,160.70013,135.68793,3853.5908,3702.4482,6577.3335,-0.4236033
sd3,E:\437 project\dataset\train\fake\fake_34929_SD3.jpg,0.6779195,17.413414,1,142.71762,147.102,144.31378,4045.272,5765.579,7958.8667,0.25610685
sd3,E:\437 project\dataset\train\fake\fake_18543_SD3.jpg,0.37260634,9.524528,1,161.34451,147.49367,131.24857,3077.5066,2812.0037,2992.4253,-0.047748566
sd3,E:\437 project\dataset\train\fake\fake_29409_SD3.jpg,0.4490475,17.163406,1,116.86769,113.42505,113.83498,6218.0664,6388.3877,6643.509,0.39467955
sd3,E:\437 project\dataset\train\fake\fake_01305_SD3.jpg,0.760437,19.193903,1,141.64618,133.16068,76.27019,4815.414,3898.119,3001.9192,0.29130554
sd3,E:\437 project\dataset\train\fake\fake_29991_SD3.jpg,0.41963327,14.587662,1,171.16856,198.83919,223.3374,1363.1494,2729.342,4496.1,0.5301882
sd3,E:\437 project\dataset\train\fake\fake_27219_SD3.jpg,0.51909703,7.5663757,1,136.07233,155.0128,171.44879,557.6911,747.7689,1968.1758,0.047234654
sd3,E:\437 project\dataset\train\fake\fake_20535_SD3.jpg,0.6168532,14.031245,1,109.95976,120.00438,115.52179,3731.5232,3391.7886,5057.522,1.7408385
sd3,E:\437 project\dataset\train\fake\fake_19617_SD3.jpg,0.29734004,9.423099,1,149.76689,119.17578,103.202576,4611.963,3756.5298,3479.1782,0.42327046
sd3,E:\437 project\dataset\train\fake\fake_04059_SD3.jpg,0.46565917,16.087204,1,162.35944,181.68407,150.25124,3028.028,4028.659,12313.154,0.14265347
sd3,E:\437 project\dataset\train\fake\fake_40347_SD3.jpg,0.31569043,13.484222,1,132.73553,128.40361,127.952484,4589.9463,4430.812,4882.7935,0.6161225
sd3,E:\437 project\dataset\train\fake\fake_31263_SD3.jpg,0.4957947,20.798498,1,153.96304,135.13814,114.91646,6457.278,5528.8755,5607.339,-0.08401537
sd3,E:\437 project\dataset\train\fake\fake_20481_SD3.jpg,0.41980696,9.997834,1,113.80922,134.47755,165.1236,3336.5845,2464.5212,2267.4055,0.12033081
sd3,E:\437 project\dataset\train\fake\fake_25971_SD3.jpg,0.7366466,11.931149,1,124.94452,141.96115,49.814835,2253.9556,3560.1433,1981.557,0.104270935
sd3,E:\437 project\dataset\train\fake\fake_08523_SD3.jpg,0.63115066,19.896227,1,131.52559,145.82213,81.55017,6370.7197,6291.5596,2527.8196,-0.9876852
sd3,E:\437 project\dataset\train\fake\fake_25521_SD3.jpg,0.56499606,15.889267,1,123.21425,112.97435,103.949036,4007.1558,4004.458,4110.024,-0.823848
sd3,E:\437 project\dataset\train\fake\fake_02289_SD3.jpg,0.3052059,9.8356695,1,158.8274,135.56265,111.227234,4121.212,3718.2642,3344.9324,-0.31266832
sd3,E:\437 project\dataset\train\fake\fake_36291_SD3.jpg,0.3103477,8.642483,1,168.90244,165.37465,160.46956,4373.142,4782.254,5259.184,-0.2738005
sd3,E:\437 project\dataset\train\fake\fake_40533_SD3.jpg,0.66416335,19.544952,1,128.82547,95.24487,96.49402,6712.565,5595.0737,9276.333,-0.22227907
sd3,E:\437 project\dataset\train\fake\fake_06951_SD3.jpg,0.61786306,13.888031,1,109.00702,115.97768,102.41753,4437.948,4519.3,6085.3394,0.08628607
sd3,E:\437 project\dataset\train\fake\fake_19713_SD3.jpg,0.42155156,11.393112,1,122.09918,112.152084,100.40556,5728.187,5988.022,5911.0723,-0.47625494
sd3,E:\437 project\dataset\train\fake\fake_32769_SD3.jpg,0.44517818,16.056576,1,149.51836,127.31488,121.863525,7328.6934,8589.699,8863.91,0.96569324
sd3,E:\437 project\dataset\train\fake\fake_27711_SD3.jpg,0.6736098,16.241585,1,134.36423,152.9556,71.841644,4832.9355,5176.798,4335.2905,0.3325019
sd3,E:\437 project\dataset\train\fake\fake_04419_SD3.jpg,0.4631054,14.103516,1,143.30962,128.58336,118.19986,5505.6045,6126.989,7093.8267,-0.16512012
sd3,E:\437 project\dataset\train\fake\fake_13941_SD3.jpg,0.5495612,12.134747,1,158.97668,136.87013,74.44954,5288.123,2468.1082,2669.7312,0.020293713
sd3,E:\437 project\dataset\train\fake\fake_01017_SD3.jpg,0.40013775,9.774125,1,160.56818,132.15863,107.51224,4302.5806,4587.5776,5283.8477,0.10096693
sd3,E:\437 project\dataset\train\fake\fake_15909_SD3.jpg,0.4821753,21.64663,1,187.58682,187.68642,178.68872,2954.8843,4524.0117,8074.6606,-0.14330912
sd3,E:\437 project\dataset\train\fake\fake_04101_SD3.jpg,0.41891316,14.996755,1,160.82301,150.90932,134.8363,5021.0757,4850.0625,5985.4404,1.853889
sd3,E:\437 project\dataset\train\fake\fake_04455_SD3.jpg,0.55430865,22.979156,1,124.70184,126.65384,121.92998,6899.318,6469.2344,7349.747,0.38974857
sd3,E:\437 project\dataset\train\fake\fake_12795_SD3.jpg,0.6393499,18.727943,1,139.34482,158.96959,94.38066,5376.333,3379.5154,4801.4673,-0.35505486
sd3,E:\437 project\dataset\train\fake\fake_07053_SD3.jpg,0.4477419,10.46799,1,200.98502,159.61273,110.28688,2187.4026,2629.6218,2542.425,-0.14803815
sd3,E:\437 project\dataset\train\fake\fake_02361_SD3.jpg,0.67146397,15.090608,1,123.17819,132.85316,117.87523,4501.2856,5546.964,6837.712,0.81290436
sd3,E:\437 project\dataset\train\fake\fake_05823_SD3.jpg,0.40832227,11.687331,1,149.90996,150.90604,118.660385,3735.7388,4224.935,3747.7832,0.32079124
sd3,E:\437 project\dataset\train\fake\fake_33645_SD3.jpg,0.61736214,17.23823,1,169.72737,151.86371,111.14406,5886.376,5767.6084,5470.248,-0.31547546
sd3,E:\437 project\dataset\train\fake\fake_32415_SD3.jpg,0.66044366,11.424893,1,161.25537,165.40819,155.02155,1405.6246,1871.4277,3861.096,-0.17731738
sd3,E:\437 project\dataset\train\fake\fake_23967_SD3.jpg,0.5841781,13.065401,1,149.89389,166.30473,183.92532,1038.0723,1528.4822,2279.568,-0.096871614
sd3,E:\437 project\dataset\train\fake\fake_29511_SD3.jpg,0.5557731,14.878054,1,122.451706,128.0504,122.644455,4152.0547,4248.325,5222.854,0.76638126
sd3,E:\437 project\dataset\train\fake\fake_08277_SD3.jpg,0.35656497,6.0265284,1,191.14365,191.27223,191.09587,1433.5852,1421.5596,1466.7402,0.9783474
sd3,E:\437 project\dataset\train\fake\fake_33567_SD3.jpg,0.37674078,11.912132,1,154.08781,146.87741,138.21176,3391.4612,3860.294,4582.8193,-0.27460694
sd3,E:\437 project\dataset\train\fake\fake_30933_SD3.jpg,0.44394746,17.277514,1,126.81506,130.963,114.42944,6987.7446,6602.4014,7248.409,-0.003311634
sd3,E:\437 project\dataset\train\fake\fake_26193_SD3.jpg,0.4101544,9.931104,1,152.1158,142.36018,129.05847,3372.3892,3835.5422,4560.8887,-0.2205522
sd3,E:\437 project\dataset\train\fake\fake_01077_SD3.jpg,0.3881164,18.561201,1,135.39792,147.60153,132.81013,7515.5425,6091.589,7142.0654,-0.0751915
sd3,E:\437 project\dataset\train\fake\fake_15477_SD3.jpg,0.5127377,21.85983,1,110.21771,99.08647,77.93619,10813.778,9568.996,8191.7085,1.0541968
sd3,E:\437 project\dataset\train\fake\fake_39417_SD3.jpg,0.42845184,9.769165,1,145.63083,131.86508,124.77173,3559.025,3812.5933,4280.6904,0.014534831
sd3,E:\437 project\dataset\train\fake\fake_10101_SD3.jpg,0.41137898,8.926552,1,123.68083,107.1913,90.805756,4936.702,5309.8906,6196.6855,0.28270006
sd3,E:\437 project\dataset\train\fake\fake_09399_SD3.jpg,0.5469644,15.402487,1,171.59409,140.0247,116.50256,4744.8213,5187.187,6853.488,0.17622614
sd3,E:\437 project\dataset\train\fake\fake_41895_SD3.jpg,0.7383826,12.839855,1,105.36847,137.62166,61.90747,3623.5378,4435.697,2112.9182,0.17798948
sd3,E:\437 project\dataset\train\fake\fake_32673_SD3.jpg,0.35282683,8.423157,1,179.6,163.51768,150.56104,2628.8672,3272.4355,3929.7183,0.10560441
sd3,E:\437 project\dataset\train\fake\fake_06651_SD3.jpg,0.48649555,12.592628,1,166.64415,147.94351,131.98637,2632.5564,3025.1692,3240.8203,0.14631009
sd3,E:\437 project\dataset\train\fake\fake_18765_SD3.jpg,0.71888536,20.037235,1,116.03952,109.21782,99.4751,3688.345,3326.1152,3412.3503,0.7188587
sd3,E:\437 project\dataset\train\fake\fake_39165_SD3.jpg,0.46153456,14.6462345,1,171.82019,182.85457,198.7846,3648.7112,2881.3474,2591.05,0.02287972
sd3,E:\437 project\dataset\train\fake\fake_27207_SD3.jpg,0.42274603,10.814732,1,168.6876,178.44392,190.16107,3042.3782,3357.9956,4127.215,-0.39223027
sd3,E:\437 project\dataset\train\fake\fake_28899_SD3.jpg,0.56876564,16.04067,1,122.18785,127.46837,130.41216,4047.2346,4756.8047,5884.864,0.31538773
sdxl,E:\437 project\dataset\train\fake\fake_39002_SDXL.jpg,0.36049202,9.5079565,1,135.43193,131.56836,127.87822,1828.4231,1760.0494,1735.4926,-0.07884455
sdxl,E:\437 project\dataset\train\fake\fake_17666_SDXL.jpg,0.44982374,15.656212,1,146.45477,135.12155,122.28639,3465.5703,2777.3914,2357.4734,0.6930356
sdxl,E:\437 project\dataset\train\fake\fake_12146_SDXL.jpg,0.5065519,8.772147,1,142.67595,135.63316,124.83545,1322.0842,1072.8326,891.245,0.349661
sdxl,E:\437 project\dataset\train\fake\fake_01580_SDXL.jpg,0.4169013,6.974822,1,132.69954,122.43016,104.8667,1599.643,1874.6879,2371.7856,0.2606604
sdxl,E:\437 project\dataset\train\fake\fake_26102_SDXL.jpg,0.6081549,11.2610855,1,99.1501,92.021866,89.77292,1937.3442,1328.3036,881.8361,0.23661065
sdxl,E:\437 project\dataset\train\fake\fake_20546_SDXL.jpg,0.5316266,12.838919,1,115.429504,106.539,96.44786,2613.0017,2597.4985,2463.8223,0.32738256
sdxl,E:\437 project\dataset\train\fake\fake_40490_SDXL.jpg,0.39134035,8.815255,1,143.82002,137.6831,128.81941,1830.9615,1844.033,2183.877,-0.41730928
sdxl,E:\437 project\dataset\train\fake\fake_37292_SDXL.jpg,0.41975734,13.965998,1,132.60039,117.97644,94.02649,3912.852,2808.5605,3180.3406,0.05407524
sdxl,E:\437 project\dataset\train\fake\fake_38174_SDXL.jpg,0.5741529,13.750104,1,150.43033,134.85806,124.85797,3357.08,2801.7607,2114.1836,0.91236687
sdxl,E:\437 project\dataset\train\fake\fake_33536_SDXL.jpg,0.3778572,9.703953,1,139.7288,128.67146,115.21921,3021.1978,2392.207,2253.9998,-0.066389084
sdxl,E:\437 project\dataset\train\fake\fake_00794_SDXL.jpg,0.5218957,6.8937373,1,132.42595,128.726,119.73442,1012.88916,1135.5835,1190.262,-0.22756124
sdxl,E:\437 project\dataset\train\fake\fake_38438_SDXL.jpg,0.35647786,11.746516,1,109.92279,108.94357,107.02202,3516.8357,2429.9006,2195.622,0.022630215
sdxl,E:\437 project\dataset\train\fake\fake_25676_SDXL.jpg,0.44549933,11.588601,1,147.61319,133.3844,113.3152,1848.2034,1767.5135,2588.4885,0.20493388
sdxl,E:\437 project\dataset\train\fake\fake_14390_SDXL.jpg,0.3845333,12.171012,1,127.93338,116.5735,105.71275,3003.79,2621.106,2491.399,0.0944674
sdxl,E:\437 project\dataset\train\fake\fake_34274_SDXL.jpg,0.506352,17.198687,1,128.6634,122.861435,116.219345,4179.5234,3730.8997,3408.3425,-0.053724766
sdxl,E:\437 project\dataset\train\fake\fake_19526_SDXL.jpg,0.42835307,13.581112,1,111.32951,110.743805,109.2292,3721.8381,3649.091,3567.3462,-0.77749586
sdxl,E:\437 project\dataset\train\fake\fake_36158_SDXL.jpg,0.49258652,6.944202,1,98.36951,85.69206,72.52481,1791.7975,1703.9445,1786.6711,0.24285364
sdxl,E:\437 project\dataset\train\fake\fake_13586_SDXL.jpg,0.39900833,10.663474,1,102.39603,90.383865,80.786255,2971.171,2035.3333,2220.903,-0.03839326
sdxl,E:\437 project\dataset\train\fake\fake_11648_SDXL.jpg,0.46085802,7.9696116,1,130.2516,120.75548,107.97044,1543.2141,1350.1616,1139.2101,-0.22246659
sdxl,E:\437 project\dataset\train\fake\fake_04580_SDXL.jpg,0.38776425,8.479674,1,144.61115,138.91888,132.2556,2133.0012,2236.3022,2261.6501,0.43027353
sdxl,E:\437 project\dataset\train\fake\fake_19058_SDXL.jpg,0.41529223,15.535456,1,132.85999,119.71413,104.68274,3425.7761,3422.2056,3501.7231,0.07460213
sdxl,E:\437 project\dataset\train\fake\fake_18272_SDXL.jpg,0.4293629,8.293236,1,145.76279,138.3791,130.70065,642.69604,762.3729,873.38635,0.08226907
sdxl,E:\437 project\dataset\train\fake\fake_18386_SDXL.jpg,0.71790147,11.393294,1,116.99443,101.125854,79.82399,1551.7963,1228.5233,649.08527,0.012414694
sdxl,E:\437 project\dataset\train\fake\fake_00608_SDXL.jpg,0.3861054,11.012804,1,146.2416,139.3414,129.39275,3099.3623,2999.7537,2605.8728,-0.15591717
sdxl,E:\437 project\dataset\train\fake\fake_37424_SDXL.jpg,0.46532202,8.955595,1,161.18707,139.4781,118.59236,1379.8591,1607.7593,1658.8419,0.17444944
sdxl,E:\437 project\dataset\train\fake\fake_08228_SDXL.jpg,0.5318602,13.128992,1,107.473434,97.81065,89.373566,3632.736,2924.507,2560.1086,-1.097645
sdxl,E:\437 project\dataset\train\fake\fake_03752_SDXL.jpg,0.43343487,9.555577,1,130.76212,132.81589,132.17613,1701.5941,1233.4298,1438.6273,-0.38992858
sdxl,E:\437 project\dataset\train\fake\fake_23498_SDXL.jpg,0.42011645,14.152463,1,106.30731,104.70825,102.76257,3129.9612,2971.578,2987.6204,0.3717594
sdxl,E:\437 project\dataset\train\fake\fake_06452_SDXL.jpg,0.3799394,7.9165306,1,145.18343,144.17805,141.7298,1771.3696,1819.0092,2312.8342,-0.5029365
sdxl,E:\437 project\dataset\train\fake\fake_19538_SDXL.jpg,0.46788374,14.243793,1,128.65063,119.69722,108.748505,2395.22,2618.0051,2777.9067,0.4639101
sdxl,E:\437 project\dataset\train\fake\fake_13898_SDXL.jpg,0.38331833,7.1120124,1,138.04893,134.55002,122.33647,690.3639,645.3301,909.57184,-0.06356287
sdxl,E:\437 project\dataset\train\fake\fake_03368_SDXL.jpg,0.3812759,11.339724,1,127.3071,111.45337,98.00952,3006.0042,2769.72,2981.072,-0.032236576
sdxl,E:\437 project\dataset\train\fake\fake_32666_SDXL.jpg,0.3239752,10.44674,1,136.75552,124.03177,113.68587,2327.0808,2241.4583,2137.6592,0.5879445
sdxl,E:\437 project\dataset\train\fake\fake_30620_SDXL.jpg,0.54976094,9.71943,1,131.2483,106.68228,101.160065,3248.631,1599.1301,2079.295,-0.11699557
sdxl,E:\437 project\dataset\train\fake\fake_18044_SDXL.jpg,0.32654208,8.25148,1,169.15694,162.18408,153.94893,1709.2018,1908.6654,2206.2942,0.1293472
sdxl,E:\437 project\dataset\train\fake\fake_06692_SDXL.jpg,0.43717638,9.886055,1,139.96233,115.95888,93.33292,2171.172,2027.373,2012.5614,0.17498255
sdxl,E:\437 project\dataset\train\fake\fake_23450_SDXL.jpg,0.42991498,8.573983,1,152.61519,146.28429,137.08527,1310.6323,1417.0446,1670.4438,0.5696902
sdxl,E:\437 project\dataset\train\fake\fake_12920_SDXL.jpg,0.42158273,7.944012,1,144.80978,152.6306,161.03316,2472.511,1963.0282,1669.8105,0.15762985
sdxl,E:\437 project\dataset\train\fake\fake_37340_SDXL.jpg,0.4527281,9.526854,1,137.93599,125.60834,112.70972,1423.4774,1454.1022,1547.4855,-0.30318832
sdxl,E:\437 project\dataset\train\fake\fake_31748_SDXL.jpg,0.4555924,15.857443,1,135.69441,115.78381,107.817505,4453.408,3771.5369,3598.231,-0.38989687
sdxl,E:\437 project\dataset\train\fake\fake_21056_SDXL.jpg,0.5127247,6.524207,1,124.656876,120.3226,109.35901,1918.4739,1549.1034,1444.6893,-0.09189069
sdxl,E:\437 project\dataset\train\fake\fake_07724_SDXL.jpg,0.35331553,2.5487092,1,158.92879,172.39024,173.60638,721.6996,301.5263,200.47072,-0.042925447
sdxl,E:\437 project\dataset\train\fake\fake_01472_SDXL.jpg,0.53597254,11.432079,1,90.9501,83.551285,78.50516,1662.2408,1438.4598,1335.9426,0.29795933
sdxl,E:\437 project\dataset\train\fake\fake_10772_SDXL.jpg,0.4392961,10.825143,1,134.85236,114.15321,97.24014,1953.4421,2582.4214,2937.15,0.09092617
sdxl,E:\437 project\dataset\train\fake\fake_31520_SDXL.jpg,0.3688345,9.981901,1,166.95195,154.00362,144.11945,2924.413,2974.4534,3153.986,-0.22797954
sdxl,E:\437 project\dataset\train\fake\fake_18194_SDXL.jpg,0.652329,14.130908,1,103.49603,97.08693,87.423996,3275.4988,2908.7488,2355.5105,-0.3098874
sdxl,E:\437 project\dataset\train\fake\fake_17174_SDXL.jpg,0.48989666,6.3620205,1,120.2742,120.58914,114.55571,896.2046,1040.2933,2230.2698,0.14795554
sdxl,E:\437 project\dataset\train\fake\fake_16040_SDXL.jpg,0.32436568,11.836847,1,134.00713,132.13705,131.10855,2411.158,2616.8918,2776.3801,0.59288204
sdxl,E:\437 project\dataset\train\fake\fake_35924_SDXL.jpg,0.5371057,12.324269,1,117.17723,112.81793,107.42276,2760.9312,2260.9336,1964.456,-0.44692874
sdxl,E:\437 project\dataset\train\fake\fake_01064_SDXL.jpg,0.40888932,8.271809,1,136.28227,130.20511,121.269394,1788.7396,1825.2826,1943.925,0.47636914
sdxl,E:\437 project\dataset\train\fake\fake_38804_SDXL.jpg,0.39224812,7.214007,1,141.98369,141.172,126.22969,2191.089,1820.0343,2378.1025,-0.011537433
sdxl,E:\437 project\dataset\train\fake\fake_00224_SDXL.jpg,0.3741795,7.769867,1,132.9605,127.45787,122.365555,2682.9397,2337.842,2095.5833,-0.15757668
sdxl,E:\437 project\dataset\train\fake\fake_20378_SDXL.jpg,0.40186313,5.826784,1,146.92656,140.46753,134.14659,1430.6438,1415.6018,1347.848,-0.08981097
sdxl,E:\437 project\dataset\train\fake\fake_22856_SDXL.jpg,0.5792086,10.313897,1,130.72719,110.89348,84.25363,1327.1107,873.1065,729.3693,0.14148998
sdxl,E:\437 project\dataset\train\fake\fake_28250_SDXL.jpg,0.3639947,6.803485,1,168.15138,143.98273,137.93005,1553.1415,1682.5214,1304.4564,-0.20909405
sdxl,E:\437 project\dataset\train\fake\fake_20198_SDXL.jpg,0.5041713,13.93191,1,102.49756,100.70833,93.113846,2717.566,2632.134,2630.9531,0.048303127
sdxl,E:\437 project\dataset\train\fake\fake_28034_SDXL.jpg,0.427082,10.87891,1,151.64577,147.81181,140.15358,1629.5963,1689.4304,1660.868,0.102967024
sdxl,E:\437 project\dataset\train\fake\fake_03512_SDXL.jpg,0.5281636,11.016452,1,125.50055,118.204865,97.719925,1987.3,1786.6458,1797.7576,-0.13877296
sdxl,E:\437 project\dataset\train\fake\fake_08630_SDXL.jpg,0.5226653,15.767923,1,91.96692,86.86148,82.47095,2407.1616,2008.4434,1783.1013,0.2720003
sdxl,E:\437 project\dataset\train\fake\fake_06134_SDXL.jpg,0.42894462,10.814896,1,136.48389,118.057434,101.7997,2407.4956,2034.0264,3200.3386,0.31643987
sdxl,E:\437 project\dataset\train\fake\fake_03266_SDXL.jpg,0.32039344,11.328356,1,125.77757,100.38789,66.92276,3360.0605,2916.9817,1157.5123,0.1523292
sdxl,E:\437 project\dataset\train\fake\fake_23282_SDXL.jpg,0.48350194,12.388128,1,153.0321,136.21458,121.89952,2246.574,2330.2666,2615.402,0.09260988
sdxl,E:\437 project\dataset\train\fake\fake_06446_SDXL.jpg,0.5135531,8.731947,1,165.36278,142.67236,119.09735,1418.4209,1453.3851,1185.6139,-0.5412288
sdxl,E:\437 project\dataset\train\fake\fake_23798_SDXL.jpg,0.35715425,8.414878,1,140.80373,133.8277,124.86043,2248.147,2140.6282,2173.8547,0.22230971
sdxl,E:\437 project\dataset\train\fake\fake_15296_SDXL.jpg,0.5345504,15.602164,1,102.22354,99.02168,96.888794,2773.884,2562.26,2429.1343,0.5000124
sdxl,E:\437 project\dataset\train\fake\fake_29564_SDXL.jpg,0.43169,12.618405,1,116.4639,111.247696,104.560455,2495.4006,2186.4912,2184.1357,0.09187174
sdxl,E:\437 project\dataset\train\fake\fake_04514_SDXL.jpg,0.42282853,8.544745,1,113.37038,113.21471,92.64259,1665.1022,2177.211,1857.3723,0.32948017
sdxl,E:\437 project\dataset\train\fake\fake_28874_SDXL.jpg,0.4757261,10.682137,1,134.3889,123.12915,113.788055,1706.8502,1820.6891,2048.4578,0.3124926
sdxl,E:\437 project\dataset\train\fake\fake_25820_SDXL.jpg,0.45485905,8.000604,1,107.83293,80.40852,67.8748,1415.6685,814.9063,208.20709,-0.7656674
sdxl,E:\437 project\dataset\train\fake\fake_29630_SDXL.jpg,0.67477095,15.921575,1,172.85033,110.06239,108.02034,1886.1656,757.8379,595.656,0.17295289
sdxl,E:\437 project\dataset\train\fake\fake_20600_SDXL.jpg,0.41263834,8.9873085,1,107.098114,116.74638,127.48851,2076.0588,1932.0422,2332.04,0.117815256
sdxl,E:\437 project\dataset\train\fake\fake_09638_SDXL.jpg,0.5399002,10.865683,1,128.71736,99.23761,88.482544,2549.8198,2037.1174,1715.5361,0.33148074
sdxl,E:\437 project\dataset\train\fake\fake_23492_SDXL.jpg,0.5600478,9.437377,1,125.74632,122.332016,101.429794,3062.8547,2661.8232,2826.6292,-0.049768448
sdxl,E:\437 project\dataset\train\fake\fake_41780_SDXL.jpg,0.3389237,7.091851,1,145.23645,138.72762,132.53793,1887.606,2074.8152,2189.691,-0.105363846
sdxl,E:\437 project\dataset\train\fake\fake_39896_SDXL.jpg,0.5617957,10.692524,1,111.679504,108.98201,100.17781,2062.538,1978.664,2064.605,0.25188112
sdxl,E:\437 project\dataset\train\fake\fake_12704_SDXL.jpg,0.54332155,15.327967,1,118.975296,108.30734,91.00621,2123.4446,1434.4508,1207.0961,-0.14683771
sdxl,E:\437 project\dataset\train\fake\fake_14642_SDXL.jpg,0.31018844,10.367084,1,128.04576,111.704025,99.31908,3331.5784,2293.8623,1984.0715,0.42112374
sdxl,E:\437 project\dataset\train\fake\fake_26060_SDXL.jpg,0.5623006,16.36116,1,116.59445,110.30623,100.54544,3387.629,2679.188,2690.2354,-0.14325476
sdxl,E:\437 project\dataset\train\fake\fake_11606_SDXL.jpg,0.58747333,18.46957,1,81.0403,81.07201,81.05165,3248.3186,3251.0974,3248.6338,0.10578966
sdxl,E:\437 project\dataset\train\fake\fake_13196_SDXL.jpg,0.67439675,13.6266985,1,133.69882,126.351074,120.85109,1757.5167,1484.9929,1326.2611,0.52742004
sdxl,E:\437 project\dataset\train\fake\fake_00302_SDXL.jpg,0.53826106,13.070497,1,122.7785,122.77898,122.76868,2971.0837,2971.024,2971.2112,0.09524369
sdxl,E:\437 project\dataset\train\fake\fake_21836_SDXL.jpg,0.37987748,8.760306,1,105.73703,96.8573,85.503235,2732.9866,2219.4133,1425.4417,0.18040586
sdxl,E:\437 project\dataset\train\fake\fake_28598_SDXL.jpg,0.6101891,18.472038,1,161.45845,162.49782,129.88947,2696.3618,2938.6843,3688.1125,0.22584772
sdxl,E:\437 project\dataset\train\fake\fake_41714_SDXL.jpg,0.57646114,13.212791,1,126.4899,119.49129,112.42609,2269.0981,2400.9797,2502.43,0.35411406
sdxl,E:\437 project\dataset\train\fake\fake_17162_SDXL.jpg,0.5300726,9.668797,1,140.96863,142.17563,141.01477,1158.381,1006.8731,974.9117,0.005563736
sdxl,E:\437 project\dataset\train\fake\fake_18494_SDXL.jpg,0.32068545,4.8767433,1,147.87971,111.31624,87.366104,1962.1643,1957.1852,2101.3013,0.07179618
sdxl,E:\437 project\dataset\train\fake\fake_32600_SDXL.jpg,0.62063175,9.099306,1,126.00142,117.96689,114.02319,1388.9666,1723.9985,1747.1006,-0.4017694
sdxl,E:\437 project\dataset\train\fake\fake_02576_SDXL.jpg,0.46873015,11.51445,1,123.5744,110.63736,103.557144,3292.431,2134.4321,2182.5254,0.5259099
sdxl,E:\437 project\dataset\train\fake\fake_41348_SDXL.jpg,0.43626985,15.4626665,1,128.52205,122.214005,108.00267,3039.669,3643.716,3701.2412,-0.14451027
sdxl,E:\437 project\dataset\train\fake\fake_24926_SDXL.jpg,0.4293774,8.784538,1,137.3873,110.66441,91.56514,1620.803,1710.5386,1953.5851,-0.0049927235
sdxl,E:\437 project\dataset\train\fake\fake_23336_SDXL.jpg,0.39229622,7.51398,1,155.86328,151.67737,141.02501,1183.976,1116.1769,1230.9181,0.3704977
sdxl,E:\437 project\dataset\train\fake\fake_08474_SDXL.jpg,0.43675023,12.053945,1,126.39714,124.80182,122.37045,2585.145,2394.168,2400.5605,0.6231148
sdxl,E:\437 project\dataset\train\fake\fake_10394_SDXL.jpg,0.4375385,11.947185,1,136.66862,117.169876,99.18375,3738.5898,3335.0713,2819.5486,-0.28884602
sdxl,E:\437 project\dataset\train\fake\fake_13496_SDXL.jpg,0.52477753,7.6638446,1,111.869064,114.811676,87.90813,1798.2614,1660.9731,2263.4792,0.2141056
sdxl,E:\437 project\dataset\train\fake\fake_39890_SDXL.jpg,0.57217216,12.53995,1,124.8454,120.5473,115.201385,1912.7794,1713.839,1715.9614,-0.20010972
sdxl,E:\437 project\dataset\train\fake\fake_16688_SDXL.jpg,0.36991057,9.832132,1,151.06474,148.22794,136.19469,2209.1057,2373.9534,1759.9248,0.030696273
sdxl,E:\437 project\dataset\train\fake\fake_26126_SDXL.jpg,0.38646504,6.9580874,1,134.29372,126.818726,116.393555,892.63403,1033.5919,1440.5415,-0.2501155
sdxl,E:\437 project\dataset\train\fake\fake_23678_SDXL.jpg,0.4605541,9.865013,1,149.25029,138.09882,120.03682,1554.8015,1582.2898,1806.3408,0.09583187
sdxl,E:\437 project\dataset\train\fake\fake_27110_SDXL.jpg,0.4702019,12.5811615,1,108.480225,106.92587,103.255646,3170.4873,2978.5002,3011.0051,0.4819348
sdxl,E:\437 project\dataset\train\fake\fake_22778_SDXL.jpg,0.42588744,14.380258,1,126.7036,109.862625,97.47206,3678.7542,4090.7617,4152.328,-0.710063
sdxl,E:\437 project\dataset\train\fake\fake_25478_SDXL.jpg,0.44736928,13.212638,1,139.40768,116.54497,91.42319,2479.3218,2114.9062,2124.953,0.15198755
sdxl,E:\437 project\dataset\train\fake\fake_24650_SDXL.jpg,0.39160687,11.168236,1,139.21265,123.14264,111.69054,3992.2651,3239.0718,3028.851,0.08698821
sdxl,E:\437 project\dataset\train\fake\fake_33890_SDXL.jpg,0.42287606,9.555225,1,118.03534,93.23949,88.40567,4599.0,1552.4469,1549.8481,0.4644091
sdxl,E:\437 project\dataset\train\fake\fake_13640_SDXL.jpg,0.4388821,7.633755,1,125.11113,118.03754,107.94388,1638.0906,1491.5729,1291.0206,0.09114647
sdxl,E:\437 project\dataset\train\fake\fake_20354_SDXL.jpg,0.48522592,10.157711,1,107.15552,104.76201,99.60045,3062.3728,2606.5073,2499.4746,0.2645254
sdxl,E:\437 project\dataset\train\fake\fake_34640_SDXL.jpg,0.49519384,13.907671,1,106.45271,102.17627,82.64343,3464.9155,3013.8533,2289.1995,0.48530483
sdxl,E:\437 project\dataset\train\fake\fake_13838_SDXL.jpg,0.5976161,13.466997,1,107.24504,102.37709,97.79466,3363.132,3218.9666,3510.76,-0.5902939
sdxl,E:\437 project\dataset\train\fake\fake_27356_SDXL.jpg,0.51965773,8.509718,1,115.21602,100.75398,85.807816,1865.8169,1591.8722,2001.3563,0.16932034
sdxl,E:\437 project\dataset\train\fake\fake_21746_SDXL.jpg,0.44525957,10.910461,1,137.6148,125.04257,111.10243,2280.8694,2026.348,1987.5676,-0.54729295
sdxl,E:\437 project\dataset\train\fake\fake_34886_SDXL.jpg,0.36069864,13.056882,1,117.32663,109.8322,97.75313,3244.5476,2927.9148,2615.8542,-1.2595863
sdxl,E:\437 project\dataset\train\fake\fake_10442_SDXL.jpg,0.41047987,10.878154,1,138.33641,131.3333,118.92572,2416.829,2407.6907,2250.6567,-0.55946994
sdxl,E:\437 project\dataset\train\fake\fake_33662_SDXL.jpg,0.41291076,7.9265504,1,131.18074,119.45198,102.91861,2685.791,2709.5896,2538.7397,-0.034223557
sdxl,E:\437 project\dataset\train\fake\fake_12710_SDXL.jpg,0.46870047,11.1545515,1,115.45833,105.192856,93.8324,2182.329,1810.867,1664.8354,-0.11386371
sdxl,E:\437 project\dataset\train\fake\fake_36266_SDXL.jpg,0.60221356,10.5302305,1,113.35539,101.94554,87.29025,2194.3096,1805.8282,1524.2971,-0.28233004
sdxl,E:\437 project\dataset\train\fake\fake_16106_SDXL.jpg,0.57890046,10.742504,1,117.22415,104.161545,84.73746,1256.1002,1142.3679,1949.8916,0.016902208
sdxl,E:\437 project\dataset\train\fake\fake_33722_SDXL.jpg,0.4170613,8.142827,1,131.40688,119.63812,92.49127,2836.7632,1744.7638,2097.5486,0.67143846
sdxl,E:\437 project\dataset\train\fake\fake_26204_SDXL.jpg,0.56653297,17.713812,1,124.35788,110.89415,109.5014,4118.3647,4640.924,4310.7993,-2.5504212
sdxl,E:\437 project\dataset\train\fake\fake_09302_SDXL.jpg,0.53900576,15.706321,1,145.15077,143.45732,143.10255,1757.7625,1864.7877,1878.5577,-0.51397467
sdxl,E:\437 project\dataset\train\fake\fake_01382_SDXL.jpg,0.46287104,6.904587,1,166.50824,163.69078,161.0608,1113.3014,1189.8833,1270.0726,0.15653408
sdxl,E:\437 project\dataset\train\fake\fake_03206_SDXL.jpg,0.48452175,14.228008,1,133.22847,132.42836,133.51059,4391.6016,4322.9214,4606.748,-1.408185
sdxl,E:\437 project\dataset\train\fake\fake_01436_SDXL.jpg,0.5478491,13.385587,1,112.713104,110.47418,106.63606,2980.3428,2667.0667,2459.3674,0.47776794
sdxl,E:\437 project\dataset\train\fake\fake_36584_SDXL.jpg,0.48450533,8.724226,1,150.93698,142.10333,128.55069,2220.3464,2157.3025,2698.2104,-0.21934557
sdxl,E:\437 project\dataset\train\fake\fake_32648_SDXL.jpg,0.56699294,11.443422,1,117.45291,106.71974,80.79544,1136.9381,1211.8022,787.0268,0.015304565
sdxl,E:\437 project\dataset\train\fake\fake_35642_SDXL.jpg,0.44379398,16.862865,1,137.35516,128.96329,112.38083,3568.8916,3255.6372,3607.044,0.43052244
sdxl,E:\437 project\dataset\train\fake\fake_22904_SDXL.jpg,0.4423125,11.71337,1,122.34338,122.34497,122.26335,2179.1326,2179.0002,2175.2134,0.17797399
sdxl,E:\437 project\dataset\train\fake\fake_35522_SDXL.jpg,0.6514053,15.2145,1,98.34415,96.600006,85.73413,3194.1992,2815.2761,3307.373,-0.43644142
sdxl,E:\437 project\dataset\train\fake\fake_18800_SDXL.jpg,0.52404493,10.986511,1,128.6194,113.44122,113.35591,2094.2646,2246.2173,2246.7644,-0.06832981
sdxl,E:\437 project\dataset\train\fake\fake_11330_SDXL.jpg,0.59812427,14.215881,1,79.09061,63.196625,55.393112,2303.1104,1466.7693,752.7587,-0.10989475
sdxl,E:\437 project\dataset\train\fake\fake_07970_SDXL.jpg,0.4497651,9.534661,1,139.66055,130.63358,120.92078,1220.2275,1385.3219,1579.3651,-0.0595212
sdxl,E:\437 project\dataset\train\fake\fake_20300_SDXL.jpg,0.37384468,8.318982,1,136.37903,135.1758,131.012,2258.5144,2272.8489,2317.3728,0.04058838
sdxl,E:\437 project\dataset\train\fake\fake_08726_SDXL.jpg,0.59987676,10.186433,1,96.70216,93.48312,89.72446,1763.7461,1793.7026,1829.3374,-0.29916167
sdxl,E:\437 project\dataset\train\fake\fake_34298_SDXL.jpg,0.4158214,11.446833,1,119.78888,107.16911,95.46803,2578.4736,2272.0654,1925.8811,-0.052777052
sdxl,E:\437 project\dataset\train\fake\fake_34658_SDXL.jpg,0.49521035,9.659964,1,94.84047,87.63547,59.850586,1854.861,1874.1434,1126.0991,0.08231807
sdxl,E:\437 project\dataset\train\fake\fake_12830_SDXL.jpg,0.47410914,14.211522,1,112.28624,102.86922,96.13608,3588.943,3060.2769,2895.8318,0.9935484
sdxl,E:\437 project\dataset\train\fake\fake_26654_SDXL.jpg,0.47816634,14.167779,1,115.09483,107.20245,98.14238,3549.0674,3184.1216,2792.3809,-1.005537
sdxl,E:\437 project\dataset\train\fake\fake_15458_SDXL.jpg,0.6048583,19.89437,1,130.12825,130.1101,129.4752,5228.1743,5227.4204,5232.845,0.4494009
sdxl,E:\437 project\dataset\train\fake\fake_13634_SDXL.jpg,0.5585372,16.133368,1,116.25366,109.82785,100.21619,4235.403,3673.9219,3345.5,-0.6101818
sdxl,E:\437 project\dataset\train\fake\fake_15710_SDXL.jpg,0.458184,6.843533,1,107.1503,100.22742,85.708466,2057.983,1660.6257,1573.7079,-0.0053474903
sdxl,E:\437 project\dataset\train\fake\fake_38132_SDXL.jpg,0.37885764,10.440048,1,121.49658,120.60469,112.54506,3437.4136,2317.0034,2932.8574,-0.8550806
sdxl,E:\437 project\dataset\train\fake\fake_15740_SDXL.jpg,0.5271411,10.324615,1,102.13814,98.0587,88.27376,2707.1475,2753.0862,3025.8066,0.9117141
sdxl,E:\437 project\dataset\train\fake\fake_02810_SDXL.jpg,0.46029857,10.13261,1,156.28395,151.16888,145.22348,1684.9619,1832.474,1932.1697,-0.66498876
sdxl,E:\437 project\dataset\train\fake\fake_00476_SDXL.jpg,0.5395926,11.133579,1,136.39082,136.62964,112.552536,2318.0352,2268.3457,2766.6997,-0.031605005
sdxl,E:\437 project\dataset\train\fake\fake_38156_SDXL.jpg,0.4325795,9.577873,1,146.1418,150.68057,152.93599,2907.7288,2136.0723,1878.0203,-0.0968864
sdxl,E:\437 project\dataset\train\fake\fake_29720_SDXL.jpg,0.44253013,8.535584,1,121.46912,120.07588,96.59137,3532.0803,1946.2767,2345.242,-0.13332677
sdxl,E:\437 project\dataset\train\fake\fake_20780_SDXL.jpg,0.5496179,13.763011,1,124.9957,114.917435,68.99451,3342.7559,3241.8958,2573.2388,-0.19780636
sdxl,E:\437 project\dataset\train\fake\fake_12380_SDXL.jpg,0.55407506,10.409188,1,122.29315,121.260254,114.7908,2438.3394,2650.088,3145.6113,0.08099198
sdxl,E:\437 project\dataset\train\fake\fake_29264_SDXL.jpg,0.48283073,10.158795,1,93.543365,81.57292,73.436874,2282.0154,1779.3595,1584.723,0.5444522
sdxl,E:\437 project\dataset\train\fake\fake_38216_SDXL.jpg,0.47523782,15.023396,1,137.1978,135.28342,133.64825,3444.9854,3595.7183,3792.482,-0.85735416
sdxl,E:\437 project\dataset\train\fake\fake_23600_SDXL.jpg,0.36840037,15.099562,1,160.17255,157.3041,151.88065,4577.548,4275.3633,3780.2473,2.4825416
sdxl,E:\437 project\dataset\train\fake\fake_33044_SDXL.jpg,0.579899,11.43755,1,128.16013,128.1359,127.287674,1575.3086,1573.4094,1549.1984,-1.1634741
sdxl,E:\437 project\dataset\train\fake\fake_38780_SDXL.jpg,0.34663805,7.3789372,1,143.92723,132.52342,121.97075,2290.0571,2420.7937,2537.5918,0.17528355
sdxl,E:\437 project\dataset\train\fake\fake_19034_SDXL.jpg,0.40073267,10.955856,1,123.80032,108.52319,91.87398,2753.0981,3209.179,3084.539,0.09084177
sdxl,E:\437 project\dataset\train\fake\fake_11366_SDXL.jpg,0.46773618,12.30724,1,147.89662,134.68425,125.23941,2801.9905,3378.4963,3854.8313,-0.08917284
sdxl,E:\437 project\dataset\train\fake\fake_13238_SDXL.jpg,0.5134497,9.906912,1,90.793686,86.14578,84.848526,1988.978,1782.8995,1679.0669,-0.42501497
sdxl,E:\437 project\dataset\train\fake\fake_05966_SDXL.jpg,0.48925185,13.494086,1,123.74945,120.55554,116.07698,3200.1665,3226.8032,3462.1729,0.9826212
sdxl,E:\437 project\dataset\train\fake\fake_10808_SDXL.jpg,0.5164153,12.049967,1,133.83264,126.697525,118.55414,2110.3672,2339.6282,2602.78,0.020102024
sdxl,E:\437 project\dataset\train\fake\fake_41090_SDXL.jpg,0.46357644,9.95833,1,117.764145,116.920166,98.58951,2475.721,1786.6072,1669.5442,0.32254505
sdxl,E:\437 project\dataset\train\fake\fake_08714_SDXL.jpg,0.52033776,8.175001,1,123.291336,116.775085,105.3456,2046.9285,1817.4857,2155.6514,-0.21186519
sdxl,E:\437 project\dataset\train\fake\fake_09518_SDXL.jpg,0.6470612,12.642901,1,99.39934,94.47676,75.98967,2200.0815,1778.0046,1517.9772,-0.13639069
sdxl,E:\437 project\dataset\train\fake\fake_24080_SDXL.jpg,0.29528263,11.088824,1,143.52849,136.524,132.47598,3526.7988,3586.7388,3841.8904,0.0005631447
sdxl,E:\437 project\dataset\train\fake\fake_02744_SDXL.jpg,0.47598377,13.472922,1,150.39854,115.67619,87.61362,3817.7183,2442.934,1461.7996,-0.29394674
sdxl,E:\437 project\dataset\train\fake\fake_08708_SDXL.jpg,0.46539912,15.2297945,1,151.40137,142.8166,135.53441,2693.4119,2965.493,3299.9377,-0.1835494
sdxl,E:\437 project\dataset\train\fake\fake_35786_SDXL.jpg,0.39204535,11.339606,1,134.557,112.207565,86.716705,3045.5515,3006.046,3478.055,0.033604145
sdxl,E:\437 project\dataset\train\fake\fake_32210_SDXL.jpg,0.5060629,13.086624,1,107.853134,96.7923,91.56833,3089.0603,3340.3357,3553.692,-0.3493929
sdxl,E:\437 project\dataset\train\fake\fake_02624_SDXL.jpg,0.48662877,10.830565,1,99.86667,81.17714,74.106995,3657.2507,1339.0552,1172.0228,0.5676552
sdxl,E:\437 project\dataset\train\fake\fake_35678_SDXL.jpg,0.39218062,9.690078,1,139.48915,130.49911,123.39488,2347.0684,2287.9185,2269.026,-0.74699783
sdxl,E:\437 project\dataset\train\fake\fake_30074_SDXL.jpg,0.4631552,12.400355,1,111.44954,97.85806,90.07774,2557.5186,2285.2444,2114.1829,0.15831065
sdxl,E:\437 project\dataset\train\fake\fake_11828_SDXL.jpg,0.49728325,12.014209,1,114.64499,102.46387,83.345764,2913.0212,2309.0764,1974.991,-0.54336166
sdxl,E:\437 project\dataset\train\fake\fake_30158_SDXL.jpg,0.339354,7.7122207,1,174.18669,154.58728,147.90894,1065.6049,1875.4912,2093.5012,0.07435942
sdxl,E:\437 project\dataset\train\fake\fake_16298_SDXL.jpg,0.50201494,10.855184,1,102.61922,98.07587,71.45604,3667.625,2564.8708,2621.4153,-0.19549608
sdxl,E:\437 project\dataset\train\fake\fake_02816_SDXL.jpg,0.46716025,6.3650074,1,115.998505,128.27501,82.156525,1252.9069,857.582,1628.916,0.03313887
sdxl,E:\437 project\dataset\train\fake\fake_03020_SDXL.jpg,0.40668914,7.3770556,1,128.04547,119.79625,111.90181,1732.8248,1397.6622,1312.5992,0.011426449
sdxl,E:\437 project\dataset\train\fake\fake_06284_SDXL.jpg,0.6251981,13.090417,1,150.00311,133.96057,125.44081,1729.1473,2295.4421,2409.6584,0.35787368
sdxl,E:\437 project\dataset\train\fake\fake_20162_SDXL.jpg,0.5812015,14.396323,1,110.226654,99.375824,90.01575,2872.489,2547.3293,2432.9783,0.32301855
sdxl,E:\437 project\dataset\train\fake\fake_35636_SDXL.jpg,0.35886186,11.092008,1,125.79437,118.45796,113.61957,3301.9353,2708.9768,2602.4795,-0.48124886
sdxl,E:\437 project\dataset\train\fake\fake_23228_SDXL.jpg,0.3725072,6.883706,1,148.38553,140.27444,129.94925,1215.1223,1302.7748,1366.1292,0.042914867
sdxl,E:\437 project\dataset\train\fake\fake_23576_SDXL.jpg,0.55572397,12.825984,1,115.1411,101.25116,92.795746,2722.319,2199.021,1973.7032,-0.13439393
sdxl,E:\437 project\dataset\train\fake\fake_36602_SDXL.jpg,0.35943213,12.753237,1,147.68544,145.4764,140.77441,2797.2979,2926.3928,2949.3901,1.2877531
sdxl,E:\437 project\dataset\train\fake\fake_28586_SDXL.jpg,0.37585875,6.8302984,1,162.67876,156.98788,151.72589,2149.1453,1501.5996,935.8578,-0.008841634
sdxl,E:\437 project\dataset\train\fake\fake_32480_SDXL.jpg,0.45351228,9.916057,1,123.47731,116.88985,109.8692,1301.127,1213.4565,1346.2653,0.26487947
sdxl,E:\437 project\dataset\train\fake\fake_21692_SDXL.jpg,0.50058305,12.660671,1,141.86967,141.89003,141.88103,2424.0544,2425.2727,2424.724,-0.07906079
sdxl,E:\437 project\dataset\train\fake\fake_36938_SDXL.jpg,0.53563994,12.038338,1,127.49982,118.81764,110.684845,2430.7861,2219.8132,2358.64,0.26678562
sdxl,E:\437 project\dataset\train\fake\fake_02840_SDXL.jpg,0.5320423,13.736392,1,117.94563,94.67737,76.624695,4297.1533,2938.6492,2449.3845,0.30623913
sdxl,E:\437 project\dataset\train\fake\fake_36500_SDXL.jpg,0.51936007,4.9586124,1,147.09819,122.158905,107.58237,134.70294,221.80237,321.94205,0.1037153
sdxl,E:\437 project\dataset\train\fake\fake_17318_SDXL.jpg,0.66502273,17.504383,1,117.8246,115.88936,112.08304,2660.521,2629.4243,2641.7507,-0.1831994
sdxl,E:\437 project\dataset\train\fake\fake_09326_SDXL.jpg,0.5279091,13.414606,1,123.74428,116.46295,108.03786,3503.84,2866.4917,2609.9915,0.34600163
sdxl,E:\437 project\dataset\train\fake\fake_24764_SDXL.jpg,0.36085737,7.353593,1,152.40462,157.38023,158.70605,2322.124,1802.8009,1285.125,0.13468099
sdxl,E:\437 project\dataset\train\fake\fake_11642_SDXL.jpg,0.49266145,10.198537,1,116.94891,113.9438,116.56758,1385.5638,1576.6682,1947.8751,0.13383698
sdxl,E:\437 project\dataset\train\fake\fake_37118_SDXL.jpg,0.46936518,9.721776,1,134.48122,123.66196,111.64424,1837.3452,1476.2904,1353.6918,0.04090953
sdxl,E:\437 project\dataset\train\fake\fake_35684_SDXL.jpg,0.42651755,9.464942,1,116.41507,103.45534,87.90196,2672.596,1966.222,1382.3916,0.33864164
sdxl,E:\437 project\dataset\train\fake\fake_32756_SDXL.jpg,0.46734363,7.176904,1,138.153,161.39772,172.81287,1240.5283,591.7265,751.4709,0.18011415
sdxl,E:\437 project\dataset\train\fake\fake_40088_SDXL.jpg,0.50401866,18.260775,1,92.11607,88.25673,82.63803,3226.54,3086.3838,2964.1033,0.6767459
sdxl,E:\437 project\dataset\train\fake\fake_38984_SDXL.jpg,0.38327268,9.495333,1,151.88498,141.41283,127.478836,2725.7705,2288.645,2484.347,0.2629645
sdxl,E:\437 project\dataset\train\fake\fake_36902_SDXL.jpg,0.49638027,8.236733,1,125.195465,128.8641,119.84151,2858.424,2612.3313,2866.139,-0.05143118
sdxl,E:\437 project\dataset\train\fake\fake_17402_SDXL.jpg,0.43421584,10.863918,1,162.7497,153.35875,145.61314,2045.5952,2317.878,2536.39,-0.20805955
sdxl,E:\437 project\dataset\train\fake\fake_07208_SDXL.jpg,0.51551205,12.75533,1,129.3257,121.93068,112.13402,2831.9268,2671.2048,2408.6982,-0.39038658
sdxl,E:\437 project\dataset\train\fake\fake_34286_SDXL.jpg,0.5689833,8.027608,1,94.538376,87.31052,54.99846,1257.8604,1131.4651,663.39606,0.07098937
sdxl,E:\437 project\dataset\train\fake\fake_37616_SDXL.jpg,0.43021324,7.647104,1,130.07022,121.23547,107.55531,1899.3298,1863.4386,1578.8386,-0.22944891
sdxl,E:\437 project\dataset\train\fake\fake_03212_SDXL.jpg,0.530695,14.840463,1,133.81956,127.55269,100.255005,3385.8154,3056.3613,2650.8452,-0.52635527
sdxl,E:\437 project\dataset\train\fake\fake_34136_SDXL.jpg,0.53108627,13.0923815,1,117.42529,111.45119,103.747055,2898.5273,2513.5852,2475.9644,-0.46934128
sdxl,E:\437 project\dataset\train\fake\fake_22400_SDXL.jpg,0.3786164,5.637676,1,171.8667,154.42914,119.22391,631.2994,748.18866,2798.1226,0.19056714
sdxl,E:\437 project\dataset\train\fake\fake_34796_SDXL.jpg,0.46653855,12.001863,1,105.36003,97.8111,84.0809,2635.422,2413.1575,2581.7207,-0.20349288
sdxl,E:\437 project\dataset\train\fake\fake_17246_SDXL.jpg,0.4986188,13.986002,1,108.250885,89.30972,79.0432,2981.3955,2800.1704,2409.4744,-0.19541478
sdxl,E:\437 project\dataset\train\fake\fake_31070_SDXL.jpg,0.33388087,8.296717,1,118.29675,113.0381,107.30104,2444.739,2139.108,2001.3826,0.74313617
sdxl,E:\437 project\dataset\train\fake\fake_18854_SDXL.jpg,0.4681036,9.995497,1,124.2395,117.26442,111.49626,1624.0714,1718.1648,1903.1796,0.18291903
sdxl,E:\437 project\dataset\train\fake\fake_18680_SDXL.jpg,0.35106367,9.6430025,1,131.51328,134.32729,143.53694,2987.7053,3175.249,3685.5698,-0.08400631
sdxl,E:\437 project\dataset\train\fake\fake_22838_SDXL.jpg,0.43623155,10.648713,1,155.75935,146.91786,137.0695,3634.0496,3697.5623,3522.6936,0.57407665
sdxl,E:\437 project\dataset\train\fake\fake_30230_SDXL.jpg,0.34009907,8.912793,1,109.22954,105.10042,104.6031,3498.3127,3329.5745,3482.8545,0.09076524
sdxl,E:\437 project\dataset\train\fake\fake_24320_SDXL.jpg,0.3132211,12.741668,1,111.67461,109.101944,87.3954,2529.4858,2706.0503,3009.2322,0.08472967
sdxl,E:\437 project\dataset\train\fake\fake_18260_SDXL.jpg,0.48930132,11.614049,1,157.18369,158.13579,158.00182,2036.8436,2269.6182,2655.4902,0.32968652
sdxl,E:\437 project\dataset\train\fake\fake_08012_SDXL.jpg,0.31519946,9.410507,1,133.55959,117.52745,111.44394,3692.3667,2825.5872,2997.0251,-0.13954496
sdxl,E:\437 project\dataset\train\fake\fake_37466_SDXL.jpg,0.5082035,10.551379,1,149.26396,157.75264,162.21964,2211.1343,2125.4158,2024.8782,0.11129069
sdxl,E:\437 project\dataset\train\fake\fake_16586_SDXL.jpg,0.38684812,6.8977103,1,161.0325,152.37111,138.06749,779.204,934.16565,1282.0128,0.25316846
sdxl,E:\437 project\dataset\train\fake\fake_33368_SDXL.jpg,0.50556445,12.810339,1,125.45744,116.57843,106.35878,2975.897,2319.735,1637.9813,-0.1700437
sdxl,E:\437 project\dataset\train\fake\fake_11786_SDXL.jpg,0.43282193,9.36774,1,139.85103,135.30453,116.4256,1971.6375,2083.6682,2606.2012,0.13142824
sdxl,E:\437 project\dataset\train\fake\fake_09356_SDXL.jpg,0.4269016,8.709374,1,123.33923,117.61882,112.19505,1404.3314,1324.2443,1301.673,-0.71518683
sdxl,E:\437 project\dataset\train\fake\fake_01112_SDXL.jpg,0.3884013,12.559854,1,151.96455,146.61566,141.082,2605.0498,2850.0898,3057.7617,2.251957
sdxl,E:\437 project\dataset\train\fake\fake_33188_SDXL.jpg,0.49640828,8.224971,1,130.72556,109.09082,83.70798,1587.5905,1074.7703,1120.7219,-0.023152113
sdxl,E:\437 project\dataset\train\fake\fake_30428_SDXL.jpg,0.4190338,11.560328,1,126.75519,110.04599,102.59537,2695.6199,2300.7717,2529.0554,-0.36241627
sdxl,E:\437 project\dataset\train\fake\fake_40280_SDXL.jpg,0.3654457,12.483921,1,116.76314,109.16951,101.50612,3259.8933,2944.9204,2699.9146,0.60123205
sdxl,E:\437 project\dataset\train\fake\fake_35048_SDXL.jpg,0.54280293,18.42115,1,116.727325,112.82416,108.66307,3604.6438,3209.9397,2984.8171,-0.5835595
sdxl,E:\437 project\dataset\train\fake\fake_38516_SDXL.jpg,0.4030819,8.863945,1,132.07756,109.44258,100.02069,1386.9183,2042.0931,1918.8364,-0.48895144
sdxl,E:\437 project\dataset\train\fake\fake_21974_SDXL.jpg,0.42159626,9.488793,1,111.254196,105.04671,94.581955,2399.7314,2724.7842,3233.4597,-0.053713083
sdxl,E:\437 project\dataset\train\fake\fake_21452_SDXL.jpg,0.43305606,14.048528,1,123.76715,118.25284,92.36554,3577.6917,3489.2139,3153.722,0.9270754
sdxl,E:\437 project\dataset\train\fake\fake_12464_SDXL.jpg,0.50290924,11.726803,1,111.74068,112.054306,114.558914,2947.5945,2598.5435,3144.8022,0.7563698
sdxl,E:\437 project\dataset\train\fake\fake_09008_SDXL.jpg,0.4012943,15.748463,1,116.43442,116.274536,114.1483,3493.4702,3493.2966,3467.2966,-0.5678363
sdxl,E:\437 project\dataset\train\fake\fake_01400_SDXL.jpg,0.36794633,8.023118,1,111.12378,104.462616,87.81302,2380.9744,1995.0779,1939.3124,0.57591796
sdxl,E:\437 project\dataset\train\fake\fake_32936_SDXL.jpg,0.40912026,13.14802,1,153.85226,132.32484,111.28926,2893.92,2942.715,2935.5679,0.0038385391
sdxl,E:\437 project\dataset\train\fake\fake_08990_SDXL.jpg,0.38982406,13.546772,1,133.21222,121.563324,109.35814,4013.0415,3278.1375,3104.745,-0.05508542
sdxl,E:\437 project\dataset\train\fake\fake_28538_SDXL.jpg,0.49245703,14.779783,1,121.74048,114.48874,109.66127,3395.3945,3210.7424,3156.2336,0.5150409
sdxl,E:\437 project\dataset\train\fake\fake_26456_SDXL.jpg,0.48044297,15.540012,1,106.81685,94.86688,81.51128,3151.6108,2528.9001,2696.9158,0.73084116
sdxl,E:\437 project\dataset\train\fake\fake_22304_SDXL.jpg,0.44233274,10.168349,1,153.98611,143.22284,133.12572,3315.1472,2999.9414,3287.9583,0.07436538
sdxl,E:\437 project\dataset\train\fake\fake_14990_SDXL.jpg,0.5216171,6.984725,1,127.0918,123.00009,109.60228,1278.8934,1368.0573,2192.1013,0.091760516
sdxl,E:\437 project\dataset\train\fake\fake_04406_SDXL.jpg,0.39316556,8.437384,1,130.98547,116.66531,87.00308,2178.7886,1769.6152,1610.0836,-0.34849477
sdxl,E:\437 project\dataset\train\fake\fake_09896_SDXL.jpg,0.545816,7.9489956,1,125.07593,116.54906,100.56346,1161.1833,781.43225,914.45276,-0.28530824
sdxl,E:\437 project\dataset\train\fake\fake_11738_SDXL.jpg,0.3495698,5.769834,1,151.48439,149.56001,152.44177,1545.0919,934.02795,509.25766,-0.0016350746
sdxl,E:\437 project\dataset\train\fake\fake_38954_SDXL.jpg,0.32942963,9.278011,1,140.08627,135.92337,130.81947,2210.417,2052.358,2077.2576,-0.38879085
sdxl,E:\437 project\dataset\train\fake\fake_13658_SDXL.jpg,0.38251242,9.754504,1,130.56914,117.00693,118.85126,4269.821,3114.2878,3216.312,-0.063043
sdxl,E:\437 project\dataset\train\fake\fake_24752_SDXL.jpg,0.44954056,9.68168,1,167.2641,160.44676,153.47476,1312.7148,1530.8503,1737.1587,-0.19402528
sdxl,E:\437 project\dataset\train\fake\fake_26786_SDXL.jpg,0.46569127,13.254472,1,119.806244,110.40346,108.82654,3146.4546,2468.6782,1533.2725,-0.14961529
sdxl,E:\437 project\dataset\train\fake\fake_38756_SDXL.jpg,0.40856302,16.157093,1,155.64493,137.0485,128.34145,3760.2844,4175.1006,4142.164,1.1965032
sdxl,E:\437 project\dataset\train\fake\fake_18266_SDXL.jpg,0.4876319,11.185959,1,117.74838,94.62509,82.1089,2474.9448,1638.0262,1150.7197,-0.2090478
sdxl,E:\437 project\dataset\train\fake\fake_09494_SDXL.jpg,0.4327273,8.598509,1,147.2903,145.70238,123.65036,1626.1538,1606.842,2270.5007,0.18029106
sdxl,E:\437 project\dataset\train\fake\fake_31634_SDXL.jpg,0.47206187,8.772521,1,153.59325,145.22028,134.82082,1569.0128,1581.7648,1681.1814,-0.10983443
sdxl,E:\437 project\dataset\train\fake\fake_14252_SDXL.jpg,0.47106776,10.777324,1,150.50117,141.52885,134.03671,1845.9341,1560.6465,1325.4891,0.014585495
sdxl,E:\437 project\dataset\train\fake\fake_24212_SDXL.jpg,0.7499462,20.624493,1,164.39072,155.60284,140.8109,3143.703,2900.4263,2413.5896,-0.069561005
sdxl,E:\437 project\dataset\train\fake\fake_11216_SDXL.jpg,0.45006213,8.518866,1,109.66905,117.6149,88.975235,2149.2615,1358.4155,1571.5765,0.2982638
sdxl,E:\437 project\dataset\train\fake\fake_29936_SDXL.jpg,0.57297385,12.405999,1,141.41034,136.07143,129.64491,2302.5393,2071.5989,2294.1514,0.18684244
sdxl,E:\437 project\dataset\train\fake\fake_34928_SDXL.jpg,0.6313433,12.242593,1,107.520966,98.78151,91.51686,2422.7883,2260.5767,2169.4363,0.13116789
sdxl,E:\437 project\dataset\train\fake\fake_18542_SDXL.jpg,0.45588467,9.149725,1,143.5776,134.21619,121.83948,1886.4342,1986.2253,2267.868,0.1640153
sdxl,E:\437 project\dataset\train\fake\fake_29408_SDXL.jpg,0.45415398,10.553897,1,124.182465,116.86691,102.90996,2194.2336,2060.6643,1715.2075,0.06318569
sdxl,E:\437 project\dataset\train\fake\fake_01304_SDXL.jpg,0.549672,12.342618,1,131.5003,113.34178,96.86661,2404.607,2157.951,2191.4858,0.17605877
sdxl,E:\437 project\dataset\train\fake\fake_29990_SDXL.jpg,0.5432744,13.595785,1,161.03392,147.1508,130.84894,907.0731,1305.194,1774.6115,0.47894526
sdxl,E:\437 project\dataset\train\fake\fake_27218_SDXL.jpg,0.43270627,8.924969,1,150.18057,147.93446,144.75621,1418.7511,1189.5586,1569.1761,0.2863009
sdxl,E:\437 project\dataset\train\fake\fake_20534_SDXL.jpg,0.45649472,13.319551,1,126.532196,116.87863,105.21355,3399.8574,2842.0425,2248.6748,0.33984566
sdxl,E:\437 project\dataset\train\fake\fake_19616_SDXL.jpg,0.50017136,15.8289585,1,138.25165,118.55907,106.15903,4171.0845,3123.2468,3309.9392,0.17735553
sdxl,E:\437 project\dataset\train\fake\fake_04058_SDXL.jpg,0.5175738,12.122339,1,149.39474,142.77872,106.221146,850.8678,952.0364,873.96533,-0.055234432
sdxl,E:\437 project\dataset\train\fake\fake_40346_SDXL.jpg,0.53210527,16.75066,1,115.25952,109.95427,106.004395,4198.5435,3624.4397,3345.453,-0.7200966
sdxl,E:\437 project\dataset\train\fake\fake_31262_SDXL.jpg,0.40712583,14.29467,1,131.88025,115.87637,103.74899,4932.7217,3961.0437,3514.2314,0.257735
sdxl,E:\437 project\dataset\train\fake\fake_20480_SDXL.jpg,0.46244177,10.781815,1,130.37195,125.98457,126.31618,1816.6942,1577.5973,1457.7922,0.21194899
sdxl,E:\437 project\dataset\train\fake\fake_25970_SDXL.jpg,0.46134016,13.548399,1,111.14876,109.68738,81.82243,3236.3462,2905.2668,3260.3547,0.09567261
sdxl,E:\437 project\dataset\train\fake\fake_08522_SDXL.jpg,0.31246132,8.804479,1,136.50293,128.18513,105.93329,2618.543,2295.574,1973.4288,0.75323224
sdxl,E:\437 project\dataset\train\fake\fake_25520_SDXL.jpg,0.6859725,11.1013565,1,107.98685,98.680145,87.684296,1723.4292,1940.6383,2073.6106,-0.17778206
sdxl,E:\437 project\dataset\train\fake\fake_02288_SDXL.jpg,0.2754634,6.0235643,1,127.82362,108.6245,94.46275,3219.8574,2941.2075,2524.1907,0.04430127
sdxl,E:\437 project\dataset\train\fake\fake_36290_SDXL.jpg,0.4027656,8.03004,1,156.34541,152.1948,143.69943,1320.6537,1628.4922,2120.6575,-0.22858334
sdxl,E:\437 project\dataset\train\fake\fake_40532_SDXL.jpg,0.58941996,12.531884,1,124.97543,120.50711,113.70645,1588.3326,1521.6473,2156.5232,0.39659548
sdxl,E:\437 project\dataset\train\fake\fake_06950_SDXL.jpg,0.51770353,13.090862,1,127.966995,121.87143,114.93646,3782.4678,3482.1714,3085.3005,0.21606898
sdxl,E:\437 project\dataset\train\fake\fake_19712_SDXL.jpg,0.35784006,8.909766,1,137.63004,128.24544,123.66757,2223.9087,2017.5048,2042.5043,-0.04256308
sdxl,E:\437 project\dataset\train\fake\fake_32768_SDXL.jpg,0.40540436,9.763621,1,137.26498,126.82616,117.61224,2236.8862,2369.3828,2476.6719,0.1277163
sdxl,E:\437 project\dataset\train\fake\fake_27710_SDXL.jpg,0.5764491,8.6674795,1,106.183655,108.851944,67.519394,1890.5549,2062.294,2193.7756,-0.11010671
sdxl,E:\437 project\dataset\train\fake\fake_04418_SDXL.jpg,0.41758546,7.3707404,1,157.9161,146.05313,136.47107,1108.8032,1463.0205,1829.2577,-0.63724804
sdxl,E:\437 project\dataset\train\fake\fake_13940_SDXL.jpg,0.49319318,6.7589827,1,127.70436,107.75369,85.32092,1744.1226,1280.4769,1417.4834,-0.072831154
sdxl,E:\437 project\dataset\train\fake\fake_01016_SDXL.jpg,0.36932147,9.060284,1,121.67906,104.50075,93.97534,2127.9624,2428.8599,2569.972,-0.2521031
sdxl,E:\437 project\dataset\train\fake\fake_15908_SDXL.jpg,0.39084232,17.52152,1,122.33382,105.50906,83.50191,3322.0295,2870.1694,3165.6353,0.024718285
sdxl,E:\437 project\dataset\train\fake\fake_04100_SDXL.jpg,0.5088189,12.057287,1,142.45308,126.762985,114.22211,2082.9033,2918.98,3552.4927,0.21043873
sdxl,E:\437 project\dataset\train\fake\fake_04454_SDXL.jpg,0.6209561,12.434754,1,118.264404,107.2027,95.69972,3021.273,2436.592,1952.2137,-0.77860165
sdxl,E:\437 project\dataset\train\fake\fake_12794_SDXL.jpg,0.41710988,9.353759,1,120.57413,104.6924,86.65126,2441.4507,1850.4333,1599.4893,-0.001137495
sdxl,E:\437 project\dataset\train\fake\fake_07052_SDXL.jpg,0.5300506,9.889593,1,146.71623,132.30801,116.9861,1380.6808,1463.35,1617.9888,0.24176407
sdxl,E:\437 project\dataset\train\fake\fake_02360_SDXL.jpg,0.5662836,13.419945,1,109.20923,110.384445,92.59367,2288.7502,2053.34,1948.3281,0.3350668
sdxl,E:\437 project\dataset\train\fake\fake_05822_SDXL.jpg,0.32207075,9.622041,1,149.42586,141.12653,131.08624,2876.7603,2753.231,2457.316,0.08736217
sdxl,E:\437 project\dataset\train\fake\fake_33644_SDXL.jpg,0.44812676,11.092215,1,133.76894,112.64099,91.705826,3206.5479,3177.465,3158.9968,0.670825
sdxl,E:\437 project\dataset\train\fake\fake_32414_SDXL.jpg,0.4966811,7.515385,1,120.3123,112.54793,95.14343,938.5565,915.5034,1642.2057,-0.060547948
sdxl,E:\437 project\dataset\train\fake\fake_23966_SDXL.jpg,0.41513443,14.485162,1,120.7771,119.86636,118.05176,2150.6133,2008.3615,2331.706,0.22346067
sdxl,E:\437 project\dataset\train\fake\fake_29510_SDXL.jpg,0.3176455,11.7498455,1,132.82625,127.54292,117.70482,2452.1174,1954.2535,2523.032,0.3923583
sdxl,E:\437 project\dataset\train\fake\fake_08276_SDXL.jpg,0.45040587,7.1351943,1,179.5234,178.59015,175.65729,579.83636,625.9827,711.0872,-0.17797565
sdxl,E:\437 project\dataset\train\fake\fake_33566_SDXL.jpg,0.38415724,7.572209,1,145.19829,141.23326,132.03606,1858.7833,2019.2664,2589.8015,-0.093752265
sdxl,E:\437 project\dataset\train\fake\fake_30932_SDXL.jpg,0.43414247,8.342861,1,134.51344,119.84219,104.03453,2021.888,1779.797,1395.564,-0.0992322
sdxl,E:\437 project\dataset\train\fake\fake_26192_SDXL.jpg,0.47803628,8.184236,1,142.4868,132.71634,115.04166,2053.8499,1685.2219,1532.6311,0.16715646
sdxl,E:\437 project\dataset\train\fake\fake_01076_SDXL.jpg,0.3786666,7.1826735,1,114.54483,108.780945,97.210815,2289.2026,1689.4812,1218.1302,-0.09590244
sdxl,E:\437 project\dataset\train\fake\fake_15476_SDXL.jpg,0.47532955,15.375949,1,105.43048,84.24545,68.04144,3848.6863,3156.7156,2781.7866,-0.6020014
sdxl,E:\437 project\dataset\train\fake\fake_39416_SDXL.jpg,0.48198152,7.3148246,1,166.50269,165.72119,163.81908,1114.3662,1169.3981,1251.7783,-0.3929603
sdxl,E:\437 project\dataset\train\fake\fake_10100_SDXL.jpg,0.43168697,10.234332,1,116.76932,98.9001,89.23323,3715.3918,3319.2256,3390.1514,-0.04260969
sdxl,E:\437 project\dataset\train\fake\fake_09398_SDXL.jpg,0.4404671,8.266466,1,146.77472,131.22427,114.81613,2426.6128,2217.9595,2128.746,-0.015565872
sdxl,E:\437 project\dataset\train\fake\fake_41894_SDXL.jpg,0.47636747,10.171835,1,104.82446,115.25337,73.513214,2228.166,2875.7932,2004.3969,-0.14640021
sdxl,E:\437 project\dataset\train\fake\fake_32672_SDXL.jpg,0.3555628,6.8894567,1,152.25,144.47107,133.52893,1265.1763,1358.6768,1469.8765,0.5327413
sdxl,E:\437 project\dataset\train\fake\fake_06650_SDXL.jpg,0.44734564,10.215441,1,144.99902,131.308,121.95824,2098.4187,2334.9346,2668.3867,0.11046219
sdxl,E:\437 project\dataset\train\fake\fake_18764_SDXL.jpg,0.58739984,16.164856,1,125.22612,112.43004,98.91615,3082.9517,2659.6755,2052.8848,-0.45096588
sdxl,E:\437 project\dataset\train\fake\fake_39164_SDXL.jpg,0.4138666,6.9424734,1,129.41995,131.68387,135.7657,1215.0822,983.47687,818.67584,0.15257192
sdxl,E:\437 project\dataset\train\fake\fake_27206_SDXL.jpg,0.3467489,7.9445887,1,134.81871,140.12473,140.9525,2373.5435,1848.7583,1711.4058,0.6795124
sdxl,E:\437 project\dataset\train\fake\fake_28898_SDXL.jpg,0.5156964,12.353171,1,128.01523,119.406296,111.42117,3506.9526,3188.1462,3675.8633,0.34174323
